rework_op_id,job_id,op_seq_reworked,work_center,hours,rework_date
RW-3000,J-2022-03079,30,weld,3.531792089342284,2023-01-04
RW-3001,J-2022-03236,30,press_brake,5.442610340833914,2023-01-05
RW-3002,J-2022-03156,30,press_brake,3.0359943031433216,2023-01-05
RW-3003,J-2022-03308,20,press_brake,3.964768655326424,2023-01-08
RW-3004,J-2023-00095,20,grind_deburr,5.64173026300162,2023-01-15
RW-3005,J-2023-00080,40,weld,2.9153757871615196,2023-01-17
RW-3006,J-2023-00052,20,grind_deburr,5.320396426382286,2023-01-18
RW-3007,J-2023-00067,20,grind_deburr,4.2411928297714745,2023-01-16
RW-3008,J-2023-00004,30,hardware,5.004474286007311,2023-01-18
RW-3009,J-2022-03337,50,weld,2.7598060630744357,2023-01-17
RW-3010,J-2023-00123,30,press_brake,2.086487109146082,2023-01-18
RW-3011,J-2023-00089,60,grind_deburr,1.5756391125747777,2023-01-18
RW-3012,J-2023-00181,40,robotic_weld,3.0819180492603624,2023-01-20
RW-3013,J-2023-00206,20,grind_deburr,4.539594263506743,2023-01-21
RW-3014,J-2023-00179,40,weld,3.382610094872243,2023-01-22
RW-3015,J-2023-00218,10,laser,2.0038462684136213,2023-01-24
RW-3016,J-2023-00103,40,weld,5.0262745943882665,2023-01-24
RW-3017,J-2023-00284,30,press_brake,4.7579712301891295,2023-01-29
RW-3018,J-2023-00064,20,grind_deburr,5.971454362530402,2023-01-31
RW-3019,J-2023-00276,50,weld,4.86297064731268,2023-01-31
RW-3020,J-2023-00521,20,grind_deburr,5.949842406998913,2023-02-05
RW-3021,J-2023-00359,30,robotic_weld,3.610224848220394,2023-02-04
RW-3022,J-2023-00259,20,grind_deburr,5.818444157669666,2023-02-05
RW-3023,J-2023-00378,40,weld,3.0700861441355234,2023-02-04
RW-3024,J-2023-00455,40,weld,5.666789085329155,2023-02-07
RW-3025,J-2023-00498,40,hardware,5.717045475356842,2023-02-09
RW-3026,J-2023-00245,40,robotic_weld,3.098720956392684,2023-02-11
RW-3027,J-2023-00642,10,laser,2.256129296011037,2023-02-09
RW-3028,J-2023-00603,30,weld,5.4721132030952235,2023-02-11
RW-3029,J-2023-00649,30,hardware,5.11556157169189,2023-02-10
RW-3030,J-2023-00564,50,weld,5.185047938001824,2023-02-09
RW-3031,J-2023-00635,40,weld,2.37555997941196,2023-02-14
RW-3032,J-2023-00826,20,press_brake,3.388818363974346,2023-02-23
RW-3033,J-2023-00836,60,grind_deburr,5.750194158234283,2023-02-28
RW-3034,J-2023-00913,10,punch,4.720754504408733,2023-03-02
RW-3035,J-2023-00831,20,grind_deburr,5.842124695345707,2023-03-02
RW-3036,J-2023-00729,20,grind_deburr,4.79207537635307,2023-03-04
RW-3037,J-2023-00961,30,weld,5.934386337499222,2023-03-05
RW-3038,J-2023-01011,50,powder_coat,2.032209528503329,2023-03-09
RW-3039,J-2023-01014,40,weld,2.789791632594433,2023-03-15
RW-3040,J-2023-00942,20,press_brake,4.080664078513933,2023-03-12
RW-3041,J-2023-01103,40,hardware,3.2712667787971395,2023-03-16
RW-3042,J-2023-01197,20,grind_deburr,4.538543951375955,2023-03-21
RW-3043,J-2023-01275,10,laser,5.0301503447295275,2023-03-25
RW-3044,J-2023-01374,20,grind_deburr,1.3246397382084265,2023-03-30
RW-3045,J-2023-01204,60,grind_deburr,2.358128897348422,2023-03-29
RW-3046,J-2023-01526,40,weld,5.412095252970609,2023-04-11
RW-3047,J-2023-01561,20,grind_deburr,3.1024001759231497,2023-04-11
RW-3048,J-2023-01448,40,weld,4.7411736819178625,2023-04-11
RW-3049,J-2023-01573,50,grind_deburr,3.3608965650653952,2023-04-13
RW-3050,J-2023-01653,40,weld,3.055453610128363,2023-04-18
RW-3051,J-2023-01665,30,press_brake,2.411361681016588,2023-04-21
RW-3052,J-2023-01758,40,weld,5.444721996292477,2023-04-25
RW-3053,J-2023-01728,40,weld,3.338353565713167,2023-04-24
RW-3054,J-2023-01876,10,laser,3.032094379345578,2023-04-23
RW-3055,J-2023-01726,50,weld,1.28657894645013,2023-04-27
RW-3056,J-2023-01756,40,hardware,2.466650572953134,2023-04-27
RW-3057,J-2023-01940,10,laser,2.324308628160167,2023-04-26
RW-3058,J-2023-01810,50,weld,5.976130414521461,2023-04-27
RW-3059,J-2023-01924,50,weld,4.105273233396435,2023-04-27
RW-3060,J-2023-01870,40,robotic_weld,3.890210639574564,2023-04-28
RW-3061,J-2023-01980,30,press_brake,1.806198446021097,2023-04-29
RW-3062,J-2023-01892,30,hardware,2.779956796102362,2023-04-30
RW-3063,J-2023-01773,40,hardware,3.9605794295216565,2023-05-03
RW-3064,J-2023-02023,40,weld,2.9852821562107503,2023-05-04
RW-3065,J-2023-02137,10,laser,5.398809943311469,2023-05-10
RW-3066,J-2023-02155,20,grind_deburr,5.52296782864917,2023-05-11
RW-3067,J-2023-02152,40,weld,2.3962195158135566,2023-05-10
RW-3068,J-2023-02164,20,grind_deburr,1.9742933101101063,2023-05-11
RW-3069,J-2023-02108,20,grind_deburr,3.601569026684551,2023-05-13
RW-3070,J-2023-02253,20,press_brake,3.825327410941721,2023-05-17
RW-3071,J-2023-02373,40,weld,1.2811603786654215,2023-05-27
RW-3072,J-2023-02430,30,hardware,5.6315316061402525,2023-05-27
RW-3073,J-2023-02293,40,powder_coat,4.914936629353711,2023-05-28
RW-3074,J-2023-02397,40,weld,2.744969600733248,2023-05-27
RW-3075,J-2023-02445,40,hardware,2.272740417338757,2023-05-29
RW-3076,J-2023-02457,40,robotic_weld,3.9460543895124576,2023-05-30
RW-3077,J-2023-02434,40,weld,2.1857914427776555,2023-06-01
RW-3078,J-2023-02388,10,laser,1.652486766892747,2023-05-30
RW-3079,J-2023-02534,10,laser,4.889267745896059,2023-06-01
RW-3080,J-2023-02513,20,grind_deburr,1.52272226832583,2023-06-01
RW-3081,J-2023-02522,30,press_brake,1.3647247710545871,2023-06-04
RW-3082,J-2023-02551,40,weld,5.227277091406653,2023-06-06
RW-3083,J-2023-02604,20,press_brake,4.342384144429517,2023-06-09
RW-3084,J-2023-02650,10,laser,5.189693690131291,2023-06-08
RW-3085,J-2023-02648,30,robotic_weld,3.722610611474895,2023-06-09
RW-3086,J-2023-02653,30,press_brake,3.1000480357806808,2023-06-13
RW-3087,J-2023-02681,50,weld,5.959125853548389,2023-06-14
RW-3088,J-2023-02692,60,powder_coat,3.9656943347308626,2023-06-14
RW-3089,J-2023-02774,20,press_brake,4.363599821213169,2023-06-14
RW-3090,J-2023-02721,40,hardware,2.4427933219835953,2023-06-16
RW-3091,J-2023-02803,20,grind_deburr,1.2037067950913367,2023-06-18
RW-3092,J-2023-02842,40,hardware,1.5190636728571678,2023-06-24
RW-3093,J-2023-02911,20,press_brake,1.2835268268443225,2023-06-27
RW-3094,J-2023-02953,20,grind_deburr,4.686761005307467,2023-06-28
RW-3095,J-2023-02932,30,press_brake,5.6255240959994035,2023-06-29
RW-3096,J-2023-02895,30,weld,1.1045120946186269,2023-06-28
RW-3097,J-2023-02890,40,weld,1.5432672325702588,2023-06-29
RW-3098,J-2023-02991,30,press_brake,4.027307272852351,2023-07-02
RW-3099,J-2023-03005,30,press_brake,4.546215962332038,2023-07-03
RW-3100,J-2023-03000,40,weld,3.812193723419364,2023-07-06
RW-3101,J-2023-03047,40,weld,3.4002384552676768,2023-07-06
RW-3102,J-2023-03115,40,powder_coat,2.1589690374743835,2023-07-08
RW-3103,J-2023-03150,50,weld,4.551914296599419,2023-07-11
RW-3104,J-2023-03014,30,press_brake,3.7359698968846247,2023-07-12
RW-3105,J-2023-03189,30,press_brake,1.1251716736811215,2023-07-13
RW-3106,J-2023-03088,40,powder_coat,3.958798623944075,2023-07-17
RW-3107,J-2023-03265,40,hardware,3.2805512279066202,2023-07-22
RW-3108,J-2023-03398,40,weld,5.89729384841394,2023-07-29
RW-3109,J-2023-03422,60,powder_coat,2.9124879085794806,2023-07-31
RW-3110,J-2023-03439,50,weld,2.114284746667903,2023-08-01
RW-3111,J-2023-03538,10,laser,4.35390708713641,2023-08-01
RW-3112,J-2023-03534,40,weld,1.9682789259287468,2023-08-06
RW-3113,J-2023-03683,30,weld,5.106271633041667,2023-08-10
RW-3114,J-2023-03688,40,weld,2.898740556453373,2023-08-11
RW-3115,J-2023-03696,10,laser,1.227979516065449,2023-08-16
RW-3116,J-2023-03716,20,grind_deburr,4.826558674829339,2023-08-16
RW-3117,J-2023-03715,30,press_brake,5.748797300156933,2023-08-17
RW-3118,J-2023-03781,40,powder_coat,4.380898282721504,2023-08-24
RW-3119,J-2023-03839,40,weld,4.034545850361485,2023-08-27
RW-3120,J-2023-03916,20,press_brake,3.1324239814397177,2023-08-31
RW-3121,J-2023-04001,40,press_brake,5.073872392882015,2023-09-06
RW-3122,J-2023-04087,30,press_brake,1.1166604210056361,2023-09-09
RW-3123,J-2023-04025,40,weld,4.548291031006973,2023-09-10
RW-3124,J-2023-04093,30,press_brake,1.0530406764224582,2023-09-12
RW-3125,J-2023-04099,30,press_brake,2.429222216584841,2023-09-12
RW-3126,J-2023-03918,30,weld,5.308140078019887,2023-09-13
RW-3127,J-2023-04188,10,laser,5.44457293115312,2023-09-14
RW-3128,J-2023-04163,30,weld,4.134217795987986,2023-09-16
RW-3129,J-2023-04141,40,weld,3.652521720539138,2023-09-17
RW-3130,J-2023-04240,10,laser,2.3720026542325616,2023-09-17
RW-3131,J-2023-04217,30,press_brake,5.95687024029012,2023-09-19
RW-3132,J-2023-04232,20,grind_deburr,1.2591817247967643,2023-09-19
RW-3133,J-2023-04165,50,robotic_weld,1.8391096455306042,2023-09-17
RW-3134,J-2023-04241,40,weld,3.208194174664903,2023-09-21
RW-3135,J-2023-04256,40,weld,1.3081052292415676,2023-09-21
RW-3136,J-2023-04272,20,grind_deburr,4.871182358690511,2023-09-23
RW-3137,J-2023-04411,30,press_brake,4.333631845262216,2023-09-26
RW-3138,J-2023-04337,20,press_brake,4.422527224954379,2023-09-27
RW-3139,J-2023-04148,20,press_brake,1.9149053268014085,2023-10-01
RW-3140,J-2023-04392,30,robotic_weld,3.8278524442676027,2023-10-01
RW-3141,J-2023-04497,40,weld,2.8141020975549194,2023-10-02
RW-3142,J-2023-04477,40,hardware,5.243952396466147,2023-10-01
RW-3143,J-2023-04533,40,weld,2.5129097605823256,2023-10-04
RW-3144,J-2023-04384,40,robotic_weld,5.265689919276252,2023-10-07
RW-3145,J-2023-04524,50,weld,1.6638063086231165,2023-10-07
RW-3146,J-2023-04660,40,weld,5.414710619067494,2023-10-10
RW-3147,J-2023-04554,40,weld,2.818924827879924,2023-10-10
RW-3148,J-2023-04498,40,weld,4.16300130887256,2023-10-11
RW-3149,J-2023-04754,40,powder_coat,2.7216585796124324,2023-10-11
RW-3150,J-2023-04550,40,weld,4.45910164411655,2023-10-15
RW-3151,J-2023-04818,10,laser,4.355826331095448,2023-10-15
RW-3152,J-2023-04869,20,grind_deburr,4.0893816749336915,2023-10-18
RW-3153,J-2023-04880,40,robotic_weld,4.595938616920529,2023-10-22
RW-3154,J-2023-05008,30,press_brake,4.732757354829151,2023-10-24
RW-3155,J-2023-05072,20,grind_deburr,3.3025779054559865,2023-10-29
RW-3156,J-2023-04969,40,robotic_weld,1.5435609279924898,2023-10-29
RW-3157,J-2023-05048,50,grind_deburr,5.319727549663127,2023-11-04
RW-3158,J-2023-05150,40,weld,5.857873966754509,2023-11-04
RW-3159,J-2023-05112,10,laser,4.528041351942919,2023-11-05
RW-3160,J-2023-05251,10,laser,2.3879300157945473,2023-11-04
RW-3161,J-2023-05246,30,press_brake,4.25181271170066,2023-11-07
RW-3162,J-2023-05053,40,weld,3.5263412710713977,2023-11-08
RW-3163,J-2023-05188,40,weld,2.6603270172483082,2023-11-09
RW-3164,J-2023-05116,40,robotic_weld,2.9572865832107023,2023-11-11
RW-3165,J-2023-05036,40,weld,3.2551254945901316,2023-11-10
RW-3166,J-2023-05516,20,press_brake,5.171249705618317,2023-11-18
RW-3167,J-2023-05553,10,laser,2.5528729225359816,2023-11-19
RW-3168,J-2023-05327,40,weld,1.4601271914663703,2023-11-24
RW-3169,J-2023-05366,40,hardware,4.356478944657087,2023-11-28
RW-3170,J-2023-05664,30,weld,3.291946484287249,2023-11-30
RW-3171,J-2023-05363,50,weld,4.521374394514718,2023-11-29
RW-3172,J-2023-05436,30,press_brake,1.685665095698883,2023-12-01
RW-3173,J-2023-05431,40,weld,2.254529029381617,2023-12-03
RW-3174,J-2023-05474,40,weld,5.626646557034995,2023-12-02
RW-3175,J-2023-05648,40,powder_coat,3.8246081920476835,2023-12-02
RW-3176,J-2023-05753,30,robotic_weld,1.4346992146894468,2023-12-06
RW-3177,J-2023-05330,50,grind_deburr,5.318683599582437,2023-12-03
RW-3178,J-2023-05687,30,weld,1.2040411387124175,2023-12-04
RW-3179,J-2023-05730,40,weld,3.8196428235516486,2023-12-06
RW-3180,J-2023-05487,30,weld,4.147584227257584,2023-12-06
RW-3181,J-2023-05718,50,weld,5.181737930257478,2023-12-05
RW-3182,J-2023-05826,30,weld,5.850960613541092,2023-12-09
RW-3183,J-2023-05872,10,laser,5.256750160813517,2023-12-10
RW-3184,J-2023-05953,40,weld,5.563999734175865,2023-12-13
RW-3185,J-2023-05927,40,powder_coat,3.1741068254797593,2023-12-13
RW-3186,J-2023-06133,20,press_brake,4.03602533829504,2023-12-17
RW-3187,J-2023-06156,20,grind_deburr,2.5210904610313243,2023-12-19
RW-3188,J-2023-06188,40,powder_coat,4.49069696301747,2023-12-21
RW-3189,J-2023-05971,40,weld,5.689311762009592,2023-12-27
RW-3190,J-2023-06128,30,weld,4.154690147066139,2023-12-28
RW-3191,J-2023-06285,20,press_brake,5.876630046527751,2024-01-04
RW-3192,J-2023-06325,10,laser,3.8741673278275828,2024-01-07
RW-3193,J-2023-06296,10,laser,5.8013163856824566,2024-01-07
RW-3194,J-2024-00069,20,grind_deburr,1.7130078788291465,2024-01-11
RW-3195,J-2024-00060,40,weld,5.3253318394492775,2024-01-13
RW-3196,J-2024-00145,20,grind_deburr,2.4783231234930856,2024-01-17
RW-3197,J-2024-00107,20,grind_deburr,4.195730575378885,2024-01-17
RW-3198,J-2023-06427,50,weld,5.990270783276073,2024-01-20
RW-3199,J-2024-00100,10,laser,1.980890221048868,2024-01-18
RW-3200,J-2024-00039,40,weld,3.952932642817168,2024-01-17
RW-3201,J-2024-00097,20,grind_deburr,2.852147462871743,2024-01-18
RW-3202,J-2024-00009,50,weld,3.622245921273808,2024-01-18
RW-3203,J-2024-00109,50,powder_coat,4.684951873123204,2024-01-23
RW-3204,J-2024-00064,40,weld,3.7494330713491926,2024-01-24
RW-3205,J-2024-00095,50,weld,5.9868526255298935,2024-01-28
RW-3206,J-2024-00266,30,press_brake,5.481534266510421,2024-01-28
RW-3207,J-2024-00411,10,laser,2.8914162600408586,2024-01-30
RW-3208,J-2024-00369,30,assembly,4.93632977931041,2024-01-30
RW-3209,J-2024-00226,30,powder_coat,3.8810286316758775,2024-01-31
RW-3210,J-2024-00214,30,powder_coat,3.75520064860934,2024-01-30
RW-3211,J-2024-00376,40,weld,3.1160031976019784,2024-01-31
RW-3212,J-2024-00420,30,hardware,3.021545146271257,2024-02-05
RW-3213,J-2024-00354,50,press_brake,3.1121177622677543,2024-02-08
RW-3214,J-2024-00569,40,weld,3.4793052555334967,2024-02-11
RW-3215,J-2024-00567,40,powder_coat,5.6195196291401865,2024-02-11
RW-3216,J-2024-00581,20,grind_deburr,1.1652660567385922,2024-02-11
RW-3217,J-2024-00598,50,weld,1.0268553864051486,2024-02-14
RW-3218,J-2024-00575,50,weld,3.281576730825491,2024-02-13
RW-3219,J-2024-00422,40,weld,2.983966121086076,2024-02-14
RW-3220,J-2024-00611,40,weld,3.6869398140843814,2024-02-13
RW-3221,J-2024-00580,40,weld,2.059447102631268,2024-02-15
RW-3222,J-2024-00626,40,weld,2.760867943189993,2024-02-17
RW-3223,J-2024-00695,10,laser,5.32474830573393,2024-02-19
RW-3224,J-2024-00729,50,weld,2.9091443492750795,2024-02-20
RW-3225,J-2024-00657,10,laser,2.397259667409832,2024-02-19
RW-3226,J-2024-00771,40,weld,5.350110795418741,2024-02-21
RW-3227,J-2024-00796,40,weld,1.031784826066611,2024-02-22
RW-3228,J-2024-00767,40,powder_coat,2.5872995248473325,2024-02-27
RW-3229,J-2024-00890,20,grind_deburr,3.2491225932031034,2024-02-27
RW-3230,J-2024-00926,30,press_brake,4.224631507779961,2024-02-28
RW-3231,J-2024-00893,30,weld,2.7274192205766155,2024-03-03
RW-3232,J-2024-00897,50,robotic_weld,1.2677087408245167,2024-03-02
RW-3233,J-2024-00762,40,weld,5.753410449257781,2024-03-03
RW-3234,J-2024-00921,40,weld,1.3352697547206085,2024-03-05
RW-3235,J-2024-00903,30,robotic_weld,2.642887733617338,2024-03-05
RW-3236,J-2024-01038,30,press_brake,4.30755402887778,2024-03-07
RW-3237,J-2024-01056,30,press_brake,3.0143177814491824,2024-03-07
RW-3238,J-2024-01016,10,laser,5.580840889019997,2024-03-07
RW-3239,J-2024-01115,40,weld,1.489378710335731,2024-03-10
RW-3240,J-2024-01099,30,press_brake,4.5334763943969625,2024-03-12
RW-3241,J-2024-01122,30,weld,5.510252071991419,2024-03-12
RW-3242,J-2024-01073,30,weld,3.409203150096311,2024-03-13
RW-3243,J-2024-01103,40,weld,2.5963416496518064,2024-03-12
RW-3244,J-2024-01199,20,grind_deburr,4.447134978253119,2024-03-17
RW-3245,J-2024-01210,40,weld,5.5833598347029945,2024-03-17
RW-3246,J-2024-01277,40,weld,5.202388987495359,2024-03-18
RW-3247,J-2024-01220,40,weld,3.123970875112308,2024-03-19
RW-3248,J-2024-01278,20,grind_deburr,4.473853157124436,2024-03-17
RW-3249,J-2024-01263,50,weld,2.1731304028956746,2024-03-21
RW-3250,J-2024-01295,50,weld,5.887809491625604,2024-03-21
RW-3251,J-2024-01338,10,laser,5.114695357015907,2024-03-21
RW-3252,J-2024-01340,40,weld,3.2765560668134777,2024-03-24
RW-3253,J-2024-01425,30,press_brake,5.41719956777691,2024-03-27
RW-3254,J-2024-01458,30,press_brake,5.849836432206527,2024-03-30
RW-3255,J-2024-01582,20,press_brake,4.309517950141112,2024-04-02
RW-3256,J-2024-01421,30,weld,1.268029482481615,2024-04-07
RW-3257,J-2024-01493,10,laser,3.4344197399897576,2024-04-06
RW-3258,J-2024-01607,30,robotic_weld,3.339960677992035,2024-04-06
RW-3259,J-2024-01659,10,laser,3.84886050204833,2024-04-10
RW-3260,J-2024-01759,40,hardware,1.884600945950258,2024-04-13
RW-3261,J-2024-01721,40,hardware,4.389017396404542,2024-04-13
RW-3262,J-2024-01598,50,weld,5.291173733112831,2024-04-14
RW-3263,J-2024-01736,40,powder_coat,4.486939589709606,2024-04-17
RW-3264,J-2024-01804,40,weld,5.354414482406575,2024-04-18
RW-3265,J-2024-01782,40,weld,5.664215879278733,2024-04-21
RW-3266,J-2024-01839,30,hardware,3.2486621796970514,2024-04-19
RW-3267,J-2024-01733,40,robotic_weld,5.421581975727657,2024-04-19
RW-3268,J-2024-01865,40,weld,3.039865017897138,2024-04-22
RW-3269,J-2024-01851,20,grind_deburr,2.8269269127887973,2024-04-21
RW-3270,J-2024-01807,40,weld,3.4282934692838505,2024-04-21
RW-3271,J-2024-01697,10,laser,4.908706105201004,2024-04-24
RW-3272,J-2024-01905,30,weld,5.475287123858821,2024-04-24
RW-3273,J-2024-01876,40,weld,4.96767895296499,2024-04-24
RW-3274,J-2024-02046,30,weld,5.462346463357857,2024-05-01
RW-3275,J-2024-02052,20,grind_deburr,3.218611183583181,2024-05-02
RW-3276,J-2024-01975,30,press_brake,5.938073667470057,2024-05-02
RW-3277,J-2024-02147,40,weld,2.8506699691405766,2024-05-06
RW-3278,J-2024-02134,20,grind_deburr,5.023439011316379,2024-05-08
RW-3279,J-2024-02186,10,laser,2.3985379597031278,2024-05-08
RW-3280,J-2024-02015,50,weld,2.129972300184869,2024-05-08
RW-3281,J-2024-02209,20,grind_deburr,4.134141488961451,2024-05-13
RW-3282,J-2024-02227,40,weld,1.5629421779478083,2024-05-11
RW-3283,J-2024-02268,50,weld,4.206616126610216,2024-05-12
RW-3284,J-2024-02224,40,powder_coat,2.724258979033974,2024-05-16
RW-3285,J-2024-02246,40,weld,1.5994347810866618,2024-05-16
RW-3286,J-2024-02144,40,weld,5.9543143895408965,2024-05-15
RW-3287,J-2024-02396,10,laser,5.489001361674475,2024-05-23
RW-3288,J-2024-02472,20,grind_deburr,3.392147317478297,2024-05-23
RW-3289,J-2024-02486,40,weld,4.589221921324105,2024-05-29
RW-3290,J-2024-02530,20,grind_deburr,1.0558509772392446,2024-05-27
RW-3291,J-2024-02410,40,powder_coat,5.8112234130259175,2024-06-01
RW-3292,J-2024-02631,30,weld,4.054146333908613,2024-06-01
RW-3293,J-2024-02697,40,hardware,3.866170550869959,2024-06-04
RW-3294,J-2024-02729,20,grind_deburr,1.541654845695888,2024-06-09
RW-3295,J-2024-02773,40,powder_coat,4.618014804642444,2024-06-08
RW-3296,J-2024-02854,20,grind_deburr,5.710414675680029,2024-06-12
RW-3297,J-2024-02821,10,laser,1.303759461166655,2024-06-11
RW-3298,J-2024-02827,40,weld,3.507135347536136,2024-06-16
RW-3299,J-2024-03021,20,grind_deburr,1.1340065872845027,2024-06-18
RW-3300,J-2024-03036,10,laser,4.539706407087234,2024-06-19
RW-3301,J-2024-03078,10,laser,4.790221111728361,2024-06-20
RW-3302,J-2024-03081,20,grind_deburr,3.7776130568045283,2024-06-20
RW-3303,J-2024-03019,50,weld,5.78390289360791,2024-06-20
RW-3304,J-2024-03023,40,weld,5.183601533246414,2024-06-22
RW-3305,J-2024-02967,60,powder_coat,3.4736415652645256,2024-06-24
RW-3306,J-2024-03085,40,hardware,2.5114320868330218,2024-06-28
RW-3307,J-2024-03024,40,weld,4.499448711395562,2024-07-02
RW-3308,J-2024-03183,50,weld,4.951040494413805,2024-07-01
RW-3309,J-2024-03286,30,weld,1.1791935068852923,2024-07-03
RW-3310,J-2024-03330,10,laser,1.032850354429212,2024-07-10
RW-3311,J-2024-03424,40,hardware,3.972140650226226,2024-07-13
RW-3312,J-2024-03485,40,weld,1.0824865439406213,2024-07-11
RW-3313,J-2024-03446,40,hardware,5.444534799980896,2024-07-14
RW-3314,J-2024-03514,40,powder_coat,1.271282663264092,2024-07-18
RW-3315,J-2024-03543,40,weld,3.0993903073379268,2024-07-17
RW-3316,J-2024-03586,20,grind_deburr,5.3612776269695015,2024-07-21
RW-3317,J-2024-03522,40,assembly,4.666336302490128,2024-07-25
RW-3318,J-2024-03672,40,powder_coat,2.5228526565837157,2024-07-28
RW-3319,J-2024-03658,50,weld,4.82488285459544,2024-07-28
RW-3320,J-2024-03810,20,press_brake,2.570416370700369,2024-08-04
RW-3321,J-2024-03754,40,grind_deburr,2.5292037391076607,2024-08-07
RW-3322,J-2024-03862,40,weld,3.69358747005639,2024-08-07
RW-3323,J-2024-03883,30,weld,1.756101835606815,2024-08-10
RW-3324,J-2024-03906,40,hardware,1.9904086896339204,2024-08-09
RW-3325,J-2024-03955,40,powder_coat,5.548121499829668,2024-08-11
RW-3326,J-2024-03985,30,weld,2.5007857254963404,2024-08-13
RW-3327,J-2024-03738,40,weld,2.6159902428020096,2024-08-14
RW-3328,J-2024-04013,10,laser,1.9006926700009994,2024-08-17
RW-3329,J-2024-03999,30,press_brake,4.224452218929641,2024-08-17
RW-3330,J-2024-04002,40,weld,5.10737503388655,2024-08-21
RW-3331,J-2024-04101,30,weld,4.507551440332319,2024-08-22
RW-3332,J-2024-04088,50,weld,2.1327944236620557,2024-08-21
RW-3333,J-2024-04144,20,grind_deburr,5.23403792758813,2024-08-24
RW-3334,J-2024-04145,10,punch,2.029269068731902,2024-08-22
RW-3335,J-2024-04137,10,laser,3.794394267730472,2024-08-24
RW-3336,J-2024-04190,10,punch,4.4492844070602695,2024-08-24
RW-3337,J-2024-04062,30,press_brake,1.2503967663549704,2024-08-28
RW-3338,J-2024-04199,40,hardware,2.021443557858963,2024-09-05
RW-3339,J-2024-04177,50,weld,5.241454419700633,2024-09-08
RW-3340,J-2024-04424,20,press_brake,3.375276682765366,2024-09-10
RW-3341,J-2024-04456,20,grind_deburr,2.086290279079397,2024-09-10
RW-3342,J-2024-04529,20,press_brake,1.6163359555757386,2024-09-18
RW-3343,J-2024-04543,50,weld,2.491626641798905,2024-09-19
RW-3344,J-2024-04468,30,press_brake,4.861636951705271,2024-09-19
RW-3345,J-2024-04374,40,weld,2.9614407192209766,2024-09-22
RW-3346,J-2024-04396,30,weld,1.2264338581316916,2024-09-23
RW-3347,J-2024-04752,10,laser,1.9195223482662067,2024-09-24
RW-3348,J-2024-04739,20,press_brake,1.5996968190773329,2024-09-25
RW-3349,J-2024-04742,50,weld,1.6585383548392387,2024-09-29
RW-3350,J-2024-04807,30,hardware,3.93169047901711,2024-09-29
RW-3351,J-2024-04658,50,weld,3.053109003997291,2024-10-02
RW-3352,J-2024-05019,30,robotic_weld,4.3157069783956725,2024-10-06
RW-3353,J-2024-04823,40,powder_coat,3.8214030114651187,2024-10-06
RW-3354,J-2024-04522,40,weld,2.4569527716816832,2024-10-09
RW-3355,J-2024-05158,50,weld,4.044954119252187,2024-10-13
RW-3356,J-2024-05043,50,robotic_weld,4.775659706252704,2024-10-10
RW-3357,J-2024-05208,10,laser,1.060805974194838,2024-10-13
RW-3358,J-2024-05197,20,grind_deburr,2.7455354159010543,2024-10-14
RW-3359,J-2024-05102,50,powder_coat,5.175391646018069,2024-10-16
RW-3360,J-2024-05153,50,weld,5.139994831821839,2024-10-19
RW-3361,J-2024-05145,30,weld,1.1785699324003591,2024-10-21
RW-3362,J-2024-05394,10,laser,4.229680259217768,2024-10-22
RW-3363,J-2024-05187,20,grind_deburr,5.75135935738605,2024-10-24
RW-3364,J-2024-05137,40,weld,1.688555069457154,2024-10-24
RW-3365,J-2024-05276,40,weld,1.0920844043619202,2024-10-30
RW-3366,J-2024-05494,40,weld,3.354387208131844,2024-10-31
RW-3367,J-2024-05406,10,laser,1.9995303812618017,2024-10-31
RW-3368,J-2024-05514,50,press_brake,4.6701742174341305,2024-11-03
RW-3369,J-2024-05582,40,weld,1.5643287522789897,2024-11-05
RW-3370,J-2024-05647,30,press_brake,5.590744463882542,2024-11-05
RW-3371,J-2024-05690,10,laser,5.745051614525184,2024-11-07
RW-3372,J-2024-05610,30,weld,4.730297004642835,2024-11-08
RW-3373,J-2024-05637,30,press_brake,4.827116752627213,2024-11-11
RW-3374,J-2024-05787,40,weld,5.611169879250252,2024-11-14
RW-3375,J-2024-05918,50,weld,4.844262049006531,2024-11-20
RW-3376,J-2024-06080,30,press_brake,3.9441435062494294,2024-11-20
RW-3377,J-2024-06102,30,weld,4.213412581139144,2024-11-24
RW-3378,J-2024-05903,30,hardware,1.8982168652879978,2024-11-29
RW-3379,J-2024-05982,30,press_brake,4.717622675311916,2024-11-26
RW-3380,J-2024-05472,40,powder_coat,2.2206381133787936,2024-12-01
RW-3381,J-2024-06296,20,grind_deburr,1.8024245593997792,2024-12-04
RW-3382,J-2024-06058,30,press_brake,5.286779721205414,2024-12-06
RW-3383,J-2024-05615,40,weld,1.3300205464627521,2024-12-04
RW-3384,J-2024-06004,40,weld,3.565811575044792,2024-12-07
RW-3385,J-2024-06141,10,laser,2.3056364936257863,2024-12-08
RW-3386,J-2024-06392,40,hardware,1.5506791389460801,2024-12-06
RW-3387,J-2024-06531,10,punch,3.5409842006352825,2024-12-09
RW-3388,J-2024-06307,40,weld,2.2237271352704826,2024-12-12
RW-3389,J-2024-06305,70,powder_coat,2.0078748379301943,2024-12-14
RW-3390,J-2024-06081,40,hardware,4.809925808581145,2024-12-14
RW-3391,J-2024-06706,20,grind_deburr,3.418901019637839,2024-12-17
RW-3392,J-2024-06409,40,weld,5.464044577214208,2024-12-19
RW-3393,J-2024-06111,40,weld,3.4466013500802464,2024-12-19
RW-3394,J-2024-06797,10,laser,4.54160926782994,2024-12-21
RW-3395,J-2024-06702,10,laser,2.6151283063906083,2024-12-20
RW-3396,J-2024-06088,30,press_brake,3.286665169071909,2024-12-28
RW-3397,J-2024-06363,30,hardware,1.574270571632054,2025-01-02
RW-3398,J-2024-06208,40,weld,5.299241586312478,2025-01-05
RW-3399,J-2024-06558,30,press_brake,2.7679423679421262,2025-01-05
RW-3400,J-2024-06317,50,weld,5.814054803752506,2025-01-04
RW-3401,J-2024-06771,30,weld,4.8258798123598154,2025-01-09
RW-3402,J-2025-00007,10,laser,3.20310997827949,2025-01-11
RW-3403,J-2024-06589,10,laser,3.588397646121349,2025-01-11
RW-3404,J-2024-06831,30,press_brake,1.8490137362841943,2025-01-12
RW-3405,J-2024-07076,20,press_brake,2.83290359124571,2025-01-14
RW-3406,J-2024-06868,40,weld,2.744785018805481,2025-01-16
RW-3407,J-2024-06493,20,grind_deburr,5.9643390286838445,2025-01-17
RW-3408,J-2024-06629,10,laser,3.9382135711550506,2025-01-19
RW-3409,J-2024-06640,40,robotic_weld,4.4284633134259535,2025-01-21
RW-3410,J-2024-06977,20,press_brake,5.076130554534391,2025-01-19
RW-3411,J-2025-00147,10,laser,5.558245699776236,2025-01-20
RW-3412,J-2024-07006,20,press_brake,4.384529447721202,2025-01-22
RW-3413,J-2024-06918,40,weld,5.2207569473576125,2025-01-22
RW-3414,J-2024-06695,40,powder_coat,4.183768030114144,2025-01-23
RW-3415,J-2024-06993,40,robotic_weld,5.725052887598447,2025-01-23
RW-3416,J-2024-06955,10,laser,3.2453332483239925,2025-01-25
RW-3417,J-2025-00126,20,grind_deburr,1.1631522846257494,2025-01-23
RW-3418,J-2025-00100,30,press_brake,5.925727914979477,2025-01-25
RW-3419,J-2024-06903,40,powder_coat,5.9934111303792665,2025-01-28
RW-3420,J-2025-00062,30,press_brake,1.89223563461865,2025-01-26
RW-3421,J-2024-06879,40,weld,1.193235322263952,2025-01-28
RW-3422,J-2025-00310,10,laser,1.2772079843309534,2025-01-30
RW-3423,J-2025-00477,10,laser,4.10108108460525,2025-02-01
RW-3424,J-2025-00302,50,robotic_weld,5.010483510393018,2025-02-02
RW-3425,J-2025-00261,40,weld,2.6927254086427017,2025-02-04
RW-3426,J-2024-06738,40,weld,5.043992610330794,2025-02-08
RW-3427,J-2025-00583,10,laser,4.78387414507318,2025-02-06
RW-3428,J-2025-00578,20,grind_deburr,3.526818853317167,2025-02-11
RW-3429,J-2025-00436,40,weld,4.81000156028815,2025-02-13
RW-3430,J-2025-00816,20,grind_deburr,4.639000061603823,2025-02-16
RW-3431,J-2025-00526,10,laser,3.1023754948214672,2025-02-16
RW-3432,J-2025-00874,10,laser,2.921705956097978,2025-02-17
RW-3433,J-2025-00290,50,grind_deburr,4.351753391338208,2025-02-17
RW-3434,J-2025-00531,50,weld,5.603221315282075,2025-02-18
RW-3435,J-2025-00534,30,hardware,4.973923455720194,2025-02-21
RW-3436,J-2025-00401,50,weld,2.9060646513331347,2025-02-20
RW-3437,J-2025-00956,10,laser,5.048761660236498,2025-02-22
RW-3438,J-2025-00702,40,powder_coat,1.307642248010778,2025-02-25
RW-3439,J-2025-00449,40,robotic_weld,4.758861220733582,2025-02-26
RW-3440,J-2025-00387,40,weld,5.887053674435707,2025-02-27
RW-3441,J-2025-00670,40,weld,3.7808920370068027,2025-03-01
RW-3442,J-2025-01016,10,laser,2.9138319612689165,2025-03-01
RW-3443,J-2025-01145,20,grind_deburr,1.3119569250651493,2025-03-01
RW-3444,J-2025-01091,50,weld,4.233205900081074,2025-03-02
RW-3445,J-2025-00549,40,weld,3.6716291581444858,2025-03-01
RW-3446,J-2025-00484,40,weld,3.5034145593623776,2025-03-02
RW-3447,J-2025-00950,20,press_brake,1.3358556315182355,2025-02-27
RW-3448,J-2025-01162,20,press_brake,2.4270810796648856,2025-03-02
RW-3449,J-2025-00953,10,laser,3.777179367968264,2025-03-02
RW-3450,J-2025-00173,50,weld,3.2031031109446593,2025-03-03
RW-3451,J-2025-00786,40,powder_coat,4.458251912836548,2025-03-05
RW-3452,J-2025-00824,50,powder_coat,4.8423472098017415,2025-03-08
RW-3453,J-2025-01208,40,weld,2.303773504647773,2025-03-08
RW-3454,J-2025-01012,40,robotic_weld,1.3014706373404585,2025-03-08
RW-3455,J-2025-00610,40,weld,3.7294264319516715,2025-03-10
RW-3456,J-2025-01014,40,powder_coat,5.775355721313818,2025-03-11
RW-3457,J-2025-01416,10,laser,2.3883178092556974,2025-03-14
RW-3458,J-2025-00853,50,powder_coat,1.6514999626973146,2025-03-12
RW-3459,J-2025-01116,40,weld,2.1151113335384184,2025-03-16
RW-3460,J-2025-01132,50,weld,1.7431003627532955,2025-03-16
RW-3461,J-2025-01261,20,press_brake,5.205172000660365,2025-03-17
RW-3462,J-2025-01140,40,powder_coat,2.7017900041349825,2025-03-19
RW-3463,J-2025-01427,50,weld,2.9003981808797126,2025-03-19
RW-3464,J-2025-01205,40,weld,4.187774097661341,2025-03-21
RW-3465,J-2025-01631,10,laser,1.948194926840319,2025-03-23
RW-3466,J-2025-01474,40,weld,4.24754417986731,2025-03-26
RW-3467,J-2025-01248,40,hardware,5.783292441770047,2025-03-26
RW-3468,J-2025-01033,50,weld,4.744940578133568,2025-03-26
RW-3469,J-2025-01662,20,grind_deburr,5.377420118653099,2025-03-29
RW-3470,J-2025-01213,40,weld,4.571475852992358,2025-03-27
RW-3471,J-2025-01578,50,powder_coat,5.374561391343966,2025-03-27
RW-3472,J-2025-01332,40,weld,4.481047127877272,2025-03-28
RW-3473,J-2025-01398,30,press_brake,4.192302303359673,2025-03-29
RW-3474,J-2025-01551,50,weld,3.994266290801451,2025-04-03
RW-3475,J-2025-01721,40,weld,1.2699605332789417,2025-04-05
RW-3476,J-2025-01734,40,weld,2.4807385752066944,2025-04-04
RW-3477,J-2025-01523,40,weld,1.2850926614878184,2025-04-06
RW-3478,J-2025-01456,30,powder_coat,3.2237694806989428,2025-04-08
RW-3479,J-2025-01701,30,press_brake,2.8417347433090976,2025-04-06
RW-3480,J-2025-01839,20,press_brake,3.3463245228821124,2025-04-10
RW-3481,J-2025-01676,40,weld,5.630860987118149,2025-04-10
RW-3482,J-2025-01830,10,laser,4.711648327061185,2025-04-10
RW-3483,J-2025-01880,30,press_brake,5.72067851442159,2025-04-12
RW-3484,J-2025-01985,30,weld,4.713457918845188,2025-04-15
RW-3485,J-2025-01890,40,weld,2.7465877831507126,2025-04-15
RW-3486,J-2025-01937,30,weld,4.113987826940848,2025-04-13
RW-3487,J-2025-02034,30,press_brake,3.6313152427877355,2025-04-16
RW-3488,J-2025-01952,40,weld,3.548139177696778,2025-04-17
RW-3489,J-2025-02155,10,laser,3.2400759834882678,2025-04-19
RW-3490,J-2025-02151,20,grind_deburr,2.9899964980620095,2025-04-20
RW-3491,J-2025-02027,20,press_brake,2.315046942644667,2025-04-21
RW-3492,J-2025-01803,10,laser,4.428082254123644,2025-04-21
RW-3493,J-2025-02178,10,punch,3.9018956923460655,2025-04-23
RW-3494,J-2025-02028,40,powder_coat,1.1575951452394375,2025-04-22
RW-3495,J-2025-02199,30,weld,4.365662705400891,2025-04-25
RW-3496,J-2025-01979,40,weld,1.3248424102874958,2025-04-27
RW-3497,J-2025-02053,30,weld,4.335034954445211,2025-04-27
RW-3498,J-2025-02135,40,weld,4.2313647768535745,2025-04-27
RW-3499,J-2025-01961,30,powder_coat,1.6051205563290796,2025-04-27
RW-3500,J-2025-02225,50,weld,5.81570749966045,2025-04-30
RW-3501,J-2025-02054,30,press_brake,5.569594990616459,2025-04-30
RW-3502,J-2025-02362,10,punch,3.947910694274375,2025-05-02
RW-3503,J-2025-02200,20,grind_deburr,4.760658004511153,2025-05-02
RW-3504,J-2025-02398,10,laser,4.403802388343831,2025-05-01
RW-3505,J-2025-02111,40,robotic_weld,1.8978965259533134,2025-05-02
RW-3506,J-2025-02379,40,weld,1.2251650011730932,2025-05-03
RW-3507,J-2025-02172,40,powder_coat,4.362322772100697,2025-05-04
RW-3508,J-2025-02317,40,weld,3.094302454801876,2025-05-03
RW-3509,J-2025-02469,20,grind_deburr,2.9307286929719023,2025-05-06
RW-3510,J-2025-02147,50,weld,4.980246801824883,2025-05-06
RW-3511,J-2025-02436,10,laser,2.1534239669087603,2025-05-06
RW-3512,J-2025-02502,10,laser,1.587772250277268,2025-05-10
RW-3513,J-2025-02511,40,weld,1.6852105940066426,2025-05-08
RW-3514,J-2025-02411,40,weld,3.626049051950888,2025-05-08
RW-3515,J-2025-02559,20,grind_deburr,5.20585534610294,2025-05-10
RW-3516,J-2025-02598,20,grind_deburr,4.000618861338203,2025-05-10
RW-3517,J-2025-02509,40,weld,5.488249044473754,2025-05-11
RW-3518,J-2025-02073,40,weld,2.8569771485499658,2025-05-13
RW-3519,J-2025-02315,40,weld,5.585249579491802,2025-05-14
RW-3520,J-2025-02652,40,robotic_weld,5.373073588387955,2025-05-16
RW-3521,J-2025-02669,40,hardware,2.29395240353153,2025-05-19
RW-3522,J-2025-02496,60,press_brake,3.101333065214215,2025-05-19
RW-3523,J-2025-02742,30,press_brake,2.333731670662384,2025-05-21
RW-3524,J-2025-02558,30,press_brake,2.120081881531853,2025-05-22
RW-3525,J-2025-02757,50,powder_coat,4.92713262147055,2025-05-22
RW-3526,J-2025-02763,30,press_brake,2.3062714154220507,2025-05-22
RW-3527,J-2025-02739,70,powder_coat,1.8593807860582814,2025-05-22
RW-3528,J-2025-02888,20,grind_deburr,2.051642174669122,2025-05-24
RW-3529,J-2025-02583,40,weld,1.614031337627906,2025-05-29
RW-3530,J-2025-02877,20,grind_deburr,4.298874686949212,2025-05-29
RW-3531,J-2025-02968,40,weld,5.947846481157204,2025-06-04
RW-3532,J-2025-02953,40,weld,3.6918112785735393,2025-06-03
RW-3533,J-2025-03050,50,weld,5.331171191618746,2025-06-07
RW-3534,J-2025-03105,30,press_brake,4.203039049150491,2025-06-08
RW-3535,J-2025-03121,40,hardware,1.8782752757642287,2025-06-11
RW-3536,J-2025-03214,30,press_brake,1.6496060522984692,2025-06-12
RW-3537,J-2025-03175,30,weld,1.6478095492879865,2025-06-11
RW-3538,J-2025-02876,40,weld,4.97936918198992,2025-06-14
RW-3539,J-2025-03142,60,grind_deburr,4.640505022400471,2025-06-13
RW-3540,J-2025-03304,10,punch,2.757080882744711,2025-06-15
RW-3541,J-2025-03119,50,assembly,5.437243433089124,2025-06-16
RW-3542,J-2025-03248,30,weld,2.9395540495270804,2025-06-15
RW-3543,J-2025-03267,30,press_brake,1.8678241996844416,2025-06-15
RW-3544,J-2025-02865,50,grind_deburr,2.263131724835012,2025-06-12
RW-3545,J-2025-03124,40,hardware,2.0455631491523225,2025-06-17
RW-3546,J-2025-03206,30,hardware,3.2132365095871935,2025-06-18
RW-3547,J-2025-03308,30,robotic_weld,1.0586879661110045,2025-06-21
RW-3548,J-2025-03059,40,powder_coat,5.859831110039311,2025-06-21
RW-3549,J-2025-03390,50,powder_coat,1.489394923750139,2025-06-22
RW-3550,J-2025-03425,10,laser,5.44150048769583,2025-06-22
RW-3551,J-2025-03301,50,weld,3.5359721953258147,2025-06-25
RW-3552,J-2025-03354,40,powder_coat,4.598447301293172,2025-06-25
RW-3553,J-2025-03532,10,laser,4.935989665178493,2025-06-25
RW-3554,J-2025-03477,40,hardware,1.5583186815743135,2025-06-25
RW-3555,J-2025-03571,20,grind_deburr,4.7331842993158535,2025-07-01
RW-3556,J-2025-03603,10,laser,5.695587527776757,2025-06-29
RW-3557,J-2025-03582,40,weld,4.054465343661528,2025-07-01
RW-3558,J-2025-03691,40,weld,4.497383392848469,2025-07-04
RW-3559,J-2025-03769,40,weld,4.6762497826166864,2025-07-09
RW-3560,J-2025-03746,40,weld,1.3560527235898636,2025-07-10
RW-3561,J-2025-03689,50,weld,3.455126036873469,2025-07-10
RW-3562,J-2025-03572,50,robotic_weld,2.0788285762116576,2025-07-11
RW-3563,J-2025-03755,10,laser,2.072310612461221,2025-07-14
RW-3564,J-2025-03534,30,weld,4.7377054058434265,2025-07-13
RW-3565,J-2025-03870,50,weld,1.5618415357166513,2025-07-13
RW-3566,J-2025-03875,40,weld,1.3333403050033024,2025-07-12
RW-3567,J-2025-03980,10,laser,2.4048258039847275,2025-07-19
RW-3568,J-2025-03965,30,press_brake,1.0622584627696232,2025-07-23
RW-3569,J-2025-04091,10,laser,4.219510542100415,2025-07-23
RW-3570,J-2025-03967,40,weld,2.8003659406584878,2025-07-28
RW-3571,J-2025-03955,40,weld,4.937661174905259,2025-07-29
RW-3572,J-2025-04094,40,weld,5.862283810969638,2025-07-30
RW-3573,J-2025-04118,10,laser,1.2245850272813836,2025-07-31
RW-3574,J-2025-04143,40,hardware,1.6746590775292194,2025-08-06
RW-3575,J-2025-04332,40,weld,1.8360128986543325,2025-08-10
RW-3576,J-2025-04276,10,laser,1.763680281909952,2025-08-14
RW-3577,J-2025-04369,40,powder_coat,2.1443718259420397,2025-08-16
RW-3578,J-2025-04293,10,laser,4.879515102526717,2025-08-16
RW-3579,J-2025-04436,10,laser,1.599123147438122,2025-08-17
RW-3580,J-2025-04382,40,hardware,1.7316916431203464,2025-08-17
RW-3581,J-2025-04318,20,press_brake,3.612104575200314,2025-08-19
RW-3582,J-2025-04492,50,powder_coat,4.153906908333315,2025-08-22
RW-3583,J-2025-04609,20,press_brake,3.3026016895006576,2025-08-20
RW-3584,J-2025-04593,40,weld,5.8587805452198305,2025-08-23
RW-3585,J-2025-04595,40,weld,2.0810318010856452,2025-08-26
RW-3586,J-2025-04568,50,assembly,5.721500220438263,2025-08-26
RW-3587,J-2025-04602,50,robotic_weld,5.159759050575859,2025-08-27
RW-3588,J-2025-04383,40,hardware,5.563240447034814,2025-08-28
RW-3589,J-2025-04694,30,weld,2.910058226933856,2025-08-29
RW-3590,J-2025-04696,40,weld,5.437009157244965,2025-08-28
RW-3591,J-2025-04773,40,hardware,2.1165907638817703,2025-08-31
RW-3592,J-2025-04744,40,weld,3.096718017974539,2025-09-04
RW-3593,J-2025-04779,20,press_brake,3.9778231608311407,2025-09-03
RW-3594,J-2025-04758,10,laser,4.28119268463469,2025-09-05
RW-3595,J-2025-04914,10,laser,3.061377963746074,2025-09-07
RW-3596,J-2025-05039,30,press_brake,2.5393449459724096,2025-09-13
RW-3597,J-2025-05050,30,weld,3.5889556207314017,2025-09-14
RW-3598,J-2025-04794,40,weld,5.190796294757523,2025-09-16
RW-3599,J-2025-05131,20,grind_deburr,5.1519816450708955,2025-09-18
RW-3600,J-2025-05029,40,hardware,5.018431524557054,2025-09-19
RW-3601,J-2025-05093,10,laser,5.651770331752962,2025-09-20
RW-3602,J-2025-05058,20,grind_deburr,3.5402075161483713,2025-09-21
RW-3603,J-2025-05117,30,weld,5.8520883287148155,2025-09-23
RW-3604,J-2025-05228,40,press_brake,3.9509978433326474,2025-09-28
RW-3605,J-2025-05444,20,press_brake,3.895573434091705,2025-09-30
RW-3606,J-2025-05461,10,laser,4.550452177109166,2025-09-30
RW-3607,J-2025-05191,40,weld,5.756269648123135,2025-10-04
RW-3608,J-2025-05580,10,laser,2.1869902088541933,2025-10-01
RW-3609,J-2025-05569,50,weld,4.722334305555223,2025-10-04
RW-3610,J-2025-05354,40,weld,2.4338740041122033,2025-10-04
RW-3611,J-2025-05546,50,weld,5.8776384063150084,2025-10-05
RW-3612,J-2025-05533,50,weld,1.7061034550888952,2025-10-08
RW-3613,J-2025-05613,30,weld,1.369630557874054,2025-10-09
RW-3614,J-2025-05716,30,press_brake,3.8602625234684926,2025-10-13
RW-3615,J-2025-05381,30,robotic_weld,3.5609918886380307,2025-10-13
RW-3616,J-2025-05749,40,weld,5.279501630307783,2025-10-15
RW-3617,J-2025-05509,30,robotic_weld,1.4465059126160194,2025-10-21
RW-3618,J-2025-05807,50,weld,5.352887353188723,2025-10-19
RW-3619,J-2025-05896,30,weld,1.4143741179112237,2025-10-18
RW-3620,J-2025-05892,30,press_brake,5.038400127043596,2025-10-22
RW-3621,J-2025-05959,10,laser,1.9231640517852253,2025-10-20
RW-3622,J-2025-05477,40,robotic_weld,1.2429565262440792,2025-10-22
RW-3623,J-2025-05783,20,grind_deburr,5.847973277276089,2025-10-21
RW-3624,J-2025-05967,10,laser,3.3439747937420954,2025-10-26
RW-3625,J-2025-06103,40,weld,2.3164253116128344,2025-10-29
RW-3626,J-2025-06199,10,laser,4.041874024636742,2025-10-29
RW-3627,J-2025-05879,30,weld,5.639989123793711,2025-11-02
RW-3628,J-2025-06172,20,press_brake,5.082860839500799,2025-11-04
RW-3629,J-2025-06265,10,laser,2.3271297829106707,2025-11-04
RW-3630,J-2025-06285,20,press_brake,5.542405462354754,2025-11-02
RW-3631,J-2025-06326,20,grind_deburr,3.819980481340803,2025-11-06
RW-3632,J-2025-06301,40,weld,2.502109497205653,2025-11-08
RW-3633,J-2025-06395,20,grind_deburr,3.8741753773041365,2025-11-08
RW-3634,J-2025-06393,30,hardware,2.876144910709721,2025-11-11
RW-3635,J-2025-06405,30,press_brake,1.8953022067539034,2025-11-11
RW-3636,J-2025-06463,20,grind_deburr,1.2982641034974276,2025-11-11
RW-3637,J-2025-06566,20,grind_deburr,3.5264589995388342,2025-11-18
RW-3638,J-2025-06521,40,weld,3.5465382767113898,2025-11-15
RW-3639,J-2025-06251,40,weld,2.134847176859297,2025-11-16
RW-3640,J-2025-06501,40,weld,4.500982325928092,2025-11-17
RW-3641,J-2025-06666,10,laser,1.3998823347352691,2025-11-19
RW-3642,J-2025-06490,40,weld,4.786995887541405,2025-11-20
RW-3643,J-2025-06632,40,weld,5.6720873177913775,2025-11-22
RW-3644,J-2025-06571,40,weld,2.9085982865368747,2025-11-22
RW-3645,J-2025-06742,40,weld,1.032581003222993,2025-11-24
RW-3646,J-2025-06643,40,weld,2.6747936916093926,2025-11-23
RW-3647,J-2025-06596,40,hardware,5.507041222669086,2025-11-29
RW-3648,J-2025-06662,40,weld,1.7330969167738872,2025-11-28
RW-3649,J-2025-06785,40,weld,3.0975805813797734,2025-11-29
RW-3650,J-2025-06810,50,weld,3.0167127463929253,2025-12-04
RW-3651,J-2025-07045,10,laser,2.1797924635932393,2025-12-04
RW-3652,J-2025-06784,30,press_brake,3.5008127786233674,2025-12-05
RW-3653,J-2025-06868,30,weld,3.6209279067612883,2025-12-04
RW-3654,J-2025-06999,50,grind_deburr,2.6404813659210813,2025-12-10
RW-3655,J-2025-06988,50,weld,1.6964955302414655,2025-12-13
RW-3656,J-2025-07182,10,laser,1.747339515743184,2025-12-10
RW-3657,J-2025-07123,10,laser,3.517208358220943,2025-12-13
RW-3658,J-2025-06854,40,weld,3.3794111309927573,2025-12-20
RW-3659,J-2025-07307,40,weld,2.793342912435572,2025-12-29
RW-3660,J-2025-07429,40,robotic_weld,4.621168856233653,2025-12-29
RW-3661,J-2025-07595,20,press_brake,2.2539415951123924,2025-12-30
