scenario,replication,day,jobs_waiting_at_lasers
S0 Current practice,1,2024-11-04,13
S0 Current practice,1,2024-11-05,18
S0 Current practice,1,2024-11-06,9
S0 Current practice,1,2024-11-07,8
S0 Current practice,1,2024-11-08,12
S0 Current practice,1,2024-11-09,12
S0 Current practice,1,2024-11-10,12
S0 Current practice,1,2024-11-11,26
S0 Current practice,1,2024-11-12,55
S0 Current practice,1,2024-11-13,67
S0 Current practice,1,2024-11-14,62
S0 Current practice,1,2024-11-15,69
S0 Current practice,1,2024-11-16,69
S0 Current practice,1,2024-11-17,69
S0 Current practice,1,2024-11-18,51
S0 Current practice,1,2024-11-19,74
S0 Current practice,1,2024-11-20,81
S0 Current practice,1,2024-11-21,86
S0 Current practice,1,2024-11-22,79
S0 Current practice,1,2024-11-23,79
S0 Current practice,1,2024-11-24,79
S0 Current practice,1,2024-11-25,72
S0 Current practice,1,2024-11-26,84
S0 Current practice,1,2024-11-27,87
S0 Current practice,1,2024-11-28,87
S0 Current practice,1,2024-11-29,87
S0 Current practice,1,2024-11-30,87
S0 Current practice,1,2024-12-01,87
S0 Current practice,1,2024-12-02,95
S0 Current practice,1,2024-12-03,113
S0 Current practice,1,2024-12-04,102
S0 Current practice,1,2024-12-05,83
S0 Current practice,1,2024-12-06,59
S0 Current practice,1,2024-12-07,59
S0 Current practice,1,2024-12-08,59
S0 Current practice,1,2024-12-09,52
S0 Current practice,1,2024-12-10,58
S0 Current practice,1,2024-12-11,44
S0 Current practice,1,2024-12-12,44
S0 Current practice,1,2024-12-13,62
S0 Current practice,2,2024-11-04,9
S0 Current practice,2,2024-11-05,21
S0 Current practice,2,2024-11-06,8
S0 Current practice,2,2024-11-07,9
S0 Current practice,2,2024-11-08,11
S0 Current practice,2,2024-11-09,11
S0 Current practice,2,2024-11-10,11
S0 Current practice,2,2024-11-11,27
S0 Current practice,2,2024-11-12,53
S0 Current practice,2,2024-11-13,68
S0 Current practice,2,2024-11-14,71
S0 Current practice,2,2024-11-15,65
S0 Current practice,2,2024-11-16,65
S0 Current practice,2,2024-11-17,65
S0 Current practice,2,2024-11-18,52
S0 Current practice,2,2024-11-19,78
S0 Current practice,2,2024-11-20,77
S0 Current practice,2,2024-11-21,83
S0 Current practice,2,2024-11-22,55
S0 Current practice,2,2024-11-23,55
S0 Current practice,2,2024-11-24,55
S0 Current practice,2,2024-11-25,66
S0 Current practice,2,2024-11-26,92
S0 Current practice,2,2024-11-27,105
S0 Current practice,2,2024-11-28,105
S0 Current practice,2,2024-11-29,105
S0 Current practice,2,2024-11-30,105
S0 Current practice,2,2024-12-01,105
S0 Current practice,2,2024-12-02,97
S0 Current practice,2,2024-12-03,105
S0 Current practice,2,2024-12-04,92
S0 Current practice,2,2024-12-05,72
S0 Current practice,2,2024-12-06,50
S0 Current practice,2,2024-12-07,50
S0 Current practice,2,2024-12-08,50
S0 Current practice,2,2024-12-09,35
S0 Current practice,2,2024-12-10,39
S0 Current practice,2,2024-12-11,20
S0 Current practice,2,2024-12-12,29
S0 Current practice,2,2024-12-13,48
S0 Current practice,3,2024-11-04,10
S0 Current practice,3,2024-11-05,17
S0 Current practice,3,2024-11-06,8
S0 Current practice,3,2024-11-07,8
S0 Current practice,3,2024-11-08,11
S0 Current practice,3,2024-11-09,11
S0 Current practice,3,2024-11-10,11
S0 Current practice,3,2024-11-11,17
S0 Current practice,3,2024-11-12,35
S0 Current practice,3,2024-11-13,51
S0 Current practice,3,2024-11-14,50
S0 Current practice,3,2024-11-15,63
S0 Current practice,3,2024-11-16,63
S0 Current practice,3,2024-11-17,63
S0 Current practice,3,2024-11-18,46
S0 Current practice,3,2024-11-19,77
S0 Current practice,3,2024-11-20,71
S0 Current practice,3,2024-11-21,58
S0 Current practice,3,2024-11-22,41
S0 Current practice,3,2024-11-23,41
S0 Current practice,3,2024-11-24,41
S0 Current practice,3,2024-11-25,55
S0 Current practice,3,2024-11-26,81
S0 Current practice,3,2024-11-27,89
S0 Current practice,3,2024-11-28,89
S0 Current practice,3,2024-11-29,89
S0 Current practice,3,2024-11-30,89
S0 Current practice,3,2024-12-01,89
S0 Current practice,3,2024-12-02,93
S0 Current practice,3,2024-12-03,98
S0 Current practice,3,2024-12-04,76
S0 Current practice,3,2024-12-05,63
S0 Current practice,3,2024-12-06,49
S0 Current practice,3,2024-12-07,49
S0 Current practice,3,2024-12-08,49
S0 Current practice,3,2024-12-09,30
S0 Current practice,3,2024-12-10,40
S0 Current practice,3,2024-12-11,27
S0 Current practice,3,2024-12-12,42
S0 Current practice,3,2024-12-13,63
S0 Current practice,4,2024-11-04,10
S0 Current practice,4,2024-11-05,9
S0 Current practice,4,2024-11-06,9
S0 Current practice,4,2024-11-07,7
S0 Current practice,4,2024-11-08,12
S0 Current practice,4,2024-11-09,12
S0 Current practice,4,2024-11-10,12
S0 Current practice,4,2024-11-11,25
S0 Current practice,4,2024-11-12,58
S0 Current practice,4,2024-11-13,65
S0 Current practice,4,2024-11-14,69
S0 Current practice,4,2024-11-15,74
S0 Current practice,4,2024-11-16,74
S0 Current practice,4,2024-11-17,74
S0 Current practice,4,2024-11-18,67
S0 Current practice,4,2024-11-19,85
S0 Current practice,4,2024-11-20,75
S0 Current practice,4,2024-11-21,63
S0 Current practice,4,2024-11-22,43
S0 Current practice,4,2024-11-23,43
S0 Current practice,4,2024-11-24,43
S0 Current practice,4,2024-11-25,43
S0 Current practice,4,2024-11-26,63
S0 Current practice,4,2024-11-27,84
S0 Current practice,4,2024-11-28,84
S0 Current practice,4,2024-11-29,84
S0 Current practice,4,2024-11-30,84
S0 Current practice,4,2024-12-01,84
S0 Current practice,4,2024-12-02,102
S0 Current practice,4,2024-12-03,112
S0 Current practice,4,2024-12-04,96
S0 Current practice,4,2024-12-05,83
S0 Current practice,4,2024-12-06,56
S0 Current practice,4,2024-12-07,56
S0 Current practice,4,2024-12-08,56
S0 Current practice,4,2024-12-09,40
S0 Current practice,4,2024-12-10,32
S0 Current practice,4,2024-12-11,19
S0 Current practice,4,2024-12-12,26
S0 Current practice,4,2024-12-13,50
S0 Current practice,5,2024-11-04,11
S0 Current practice,5,2024-11-05,21
S0 Current practice,5,2024-11-06,7
S0 Current practice,5,2024-11-07,7
S0 Current practice,5,2024-11-08,22
S0 Current practice,5,2024-11-09,22
S0 Current practice,5,2024-11-10,22
S0 Current practice,5,2024-11-11,41
S0 Current practice,5,2024-11-12,76
S0 Current practice,5,2024-11-13,85
S0 Current practice,5,2024-11-14,74
S0 Current practice,5,2024-11-15,79
S0 Current practice,5,2024-11-16,79
S0 Current practice,5,2024-11-17,79
S0 Current practice,5,2024-11-18,62
S0 Current practice,5,2024-11-19,92
S0 Current practice,5,2024-11-20,87
S0 Current practice,5,2024-11-21,81
S0 Current practice,5,2024-11-22,55
S0 Current practice,5,2024-11-23,55
S0 Current practice,5,2024-11-24,55
S0 Current practice,5,2024-11-25,41
S0 Current practice,5,2024-11-26,62
S0 Current practice,5,2024-11-27,77
S0 Current practice,5,2024-11-28,77
S0 Current practice,5,2024-11-29,77
S0 Current practice,5,2024-11-30,77
S0 Current practice,5,2024-12-01,77
S0 Current practice,5,2024-12-02,89
S0 Current practice,5,2024-12-03,110
S0 Current practice,5,2024-12-04,117
S0 Current practice,5,2024-12-05,101
S0 Current practice,5,2024-12-06,77
S0 Current practice,5,2024-12-07,77
S0 Current practice,5,2024-12-08,77
S0 Current practice,5,2024-12-09,68
S0 Current practice,5,2024-12-10,74
S0 Current practice,5,2024-12-11,61
S0 Current practice,5,2024-12-12,64
S0 Current practice,5,2024-12-13,86
S0 Current practice,6,2024-11-04,13
S0 Current practice,6,2024-11-05,21
S0 Current practice,6,2024-11-06,8
S0 Current practice,6,2024-11-07,7
S0 Current practice,6,2024-11-08,11
S0 Current practice,6,2024-11-09,11
S0 Current practice,6,2024-11-10,11
S0 Current practice,6,2024-11-11,19
S0 Current practice,6,2024-11-12,45
S0 Current practice,6,2024-11-13,57
S0 Current practice,6,2024-11-14,64
S0 Current practice,6,2024-11-15,54
S0 Current practice,6,2024-11-16,54
S0 Current practice,6,2024-11-17,54
S0 Current practice,6,2024-11-18,46
S0 Current practice,6,2024-11-19,71
S0 Current practice,6,2024-11-20,65
S0 Current practice,6,2024-11-21,52
S0 Current practice,6,2024-11-22,45
S0 Current practice,6,2024-11-23,45
S0 Current practice,6,2024-11-24,45
S0 Current practice,6,2024-11-25,42
S0 Current practice,6,2024-11-26,60
S0 Current practice,6,2024-11-27,69
S0 Current practice,6,2024-11-28,69
S0 Current practice,6,2024-11-29,69
S0 Current practice,6,2024-11-30,69
S0 Current practice,6,2024-12-01,69
S0 Current practice,6,2024-12-02,65
S0 Current practice,6,2024-12-03,71
S0 Current practice,6,2024-12-04,73
S0 Current practice,6,2024-12-05,66
S0 Current practice,6,2024-12-06,45
S0 Current practice,6,2024-12-07,45
S0 Current practice,6,2024-12-08,45
S0 Current practice,6,2024-12-09,33
S0 Current practice,6,2024-12-10,39
S0 Current practice,6,2024-12-11,26
S0 Current practice,6,2024-12-12,43
S0 Current practice,6,2024-12-13,53
S0 Current practice,7,2024-11-04,15
S0 Current practice,7,2024-11-05,25
S0 Current practice,7,2024-11-06,12
S0 Current practice,7,2024-11-07,9
S0 Current practice,7,2024-11-08,9
S0 Current practice,7,2024-11-09,9
S0 Current practice,7,2024-11-10,9
S0 Current practice,7,2024-11-11,28
S0 Current practice,7,2024-11-12,58
S0 Current practice,7,2024-11-13,64
S0 Current practice,7,2024-11-14,70
S0 Current practice,7,2024-11-15,74
S0 Current practice,7,2024-11-16,74
S0 Current practice,7,2024-11-17,74
S0 Current practice,7,2024-11-18,66
S0 Current practice,7,2024-11-19,78
S0 Current practice,7,2024-11-20,68
S0 Current practice,7,2024-11-21,55
S0 Current practice,7,2024-11-22,43
S0 Current practice,7,2024-11-23,43
S0 Current practice,7,2024-11-24,43
S0 Current practice,7,2024-11-25,54
S0 Current practice,7,2024-11-26,71
S0 Current practice,7,2024-11-27,90
S0 Current practice,7,2024-11-28,90
S0 Current practice,7,2024-11-29,90
S0 Current practice,7,2024-11-30,90
S0 Current practice,7,2024-12-01,90
S0 Current practice,7,2024-12-02,94
S0 Current practice,7,2024-12-03,103
S0 Current practice,7,2024-12-04,92
S0 Current practice,7,2024-12-05,82
S0 Current practice,7,2024-12-06,54
S0 Current practice,7,2024-12-07,54
S0 Current practice,7,2024-12-08,54
S0 Current practice,7,2024-12-09,31
S0 Current practice,7,2024-12-10,46
S0 Current practice,7,2024-12-11,26
S0 Current practice,7,2024-12-12,35
S0 Current practice,7,2024-12-13,52
S0 Current practice,8,2024-11-04,10
S0 Current practice,8,2024-11-05,14
S0 Current practice,8,2024-11-06,13
S0 Current practice,8,2024-11-07,12
S0 Current practice,8,2024-11-08,12
S0 Current practice,8,2024-11-09,12
S0 Current practice,8,2024-11-10,12
S0 Current practice,8,2024-11-11,18
S0 Current practice,8,2024-11-12,46
S0 Current practice,8,2024-11-13,61
S0 Current practice,8,2024-11-14,73
S0 Current practice,8,2024-11-15,76
S0 Current practice,8,2024-11-16,76
S0 Current practice,8,2024-11-17,76
S0 Current practice,8,2024-11-18,65
S0 Current practice,8,2024-11-19,86
S0 Current practice,8,2024-11-20,89
S0 Current practice,8,2024-11-21,87
S0 Current practice,8,2024-11-22,63
S0 Current practice,8,2024-11-23,63
S0 Current practice,8,2024-11-24,63
S0 Current practice,8,2024-11-25,56
S0 Current practice,8,2024-11-26,74
S0 Current practice,8,2024-11-27,96
S0 Current practice,8,2024-11-28,96
S0 Current practice,8,2024-11-29,96
S0 Current practice,8,2024-11-30,96
S0 Current practice,8,2024-12-01,96
S0 Current practice,8,2024-12-02,91
S0 Current practice,8,2024-12-03,105
S0 Current practice,8,2024-12-04,99
S0 Current practice,8,2024-12-05,77
S0 Current practice,8,2024-12-06,59
S0 Current practice,8,2024-12-07,59
S0 Current practice,8,2024-12-08,59
S0 Current practice,8,2024-12-09,42
S0 Current practice,8,2024-12-10,48
S0 Current practice,8,2024-12-11,29
S0 Current practice,8,2024-12-12,34
S0 Current practice,8,2024-12-13,52
S0 Current practice,9,2024-11-04,10
S0 Current practice,9,2024-11-05,11
S0 Current practice,9,2024-11-06,8
S0 Current practice,9,2024-11-07,8
S0 Current practice,9,2024-11-08,9
S0 Current practice,9,2024-11-09,9
S0 Current practice,9,2024-11-10,9
S0 Current practice,9,2024-11-11,27
S0 Current practice,9,2024-11-12,42
S0 Current practice,9,2024-11-13,48
S0 Current practice,9,2024-11-14,56
S0 Current practice,9,2024-11-15,54
S0 Current practice,9,2024-11-16,54
S0 Current practice,9,2024-11-17,54
S0 Current practice,9,2024-11-18,43
S0 Current practice,9,2024-11-19,63
S0 Current practice,9,2024-11-20,52
S0 Current practice,9,2024-11-21,41
S0 Current practice,9,2024-11-22,43
S0 Current practice,9,2024-11-23,43
S0 Current practice,9,2024-11-24,43
S0 Current practice,9,2024-11-25,42
S0 Current practice,9,2024-11-26,63
S0 Current practice,9,2024-11-27,63
S0 Current practice,9,2024-11-28,63
S0 Current practice,9,2024-11-29,63
S0 Current practice,9,2024-11-30,63
S0 Current practice,9,2024-12-01,63
S0 Current practice,9,2024-12-02,59
S0 Current practice,9,2024-12-03,62
S0 Current practice,9,2024-12-04,65
S0 Current practice,9,2024-12-05,57
S0 Current practice,9,2024-12-06,44
S0 Current practice,9,2024-12-07,44
S0 Current practice,9,2024-12-08,44
S0 Current practice,9,2024-12-09,36
S0 Current practice,9,2024-12-10,37
S0 Current practice,9,2024-12-11,24
S0 Current practice,9,2024-12-12,37
S0 Current practice,9,2024-12-13,60
S0 Current practice,10,2024-11-04,11
S0 Current practice,10,2024-11-05,11
S0 Current practice,10,2024-11-06,11
S0 Current practice,10,2024-11-07,9
S0 Current practice,10,2024-11-08,19
S0 Current practice,10,2024-11-09,19
S0 Current practice,10,2024-11-10,19
S0 Current practice,10,2024-11-11,22
S0 Current practice,10,2024-11-12,47
S0 Current practice,10,2024-11-13,49
S0 Current practice,10,2024-11-14,48
S0 Current practice,10,2024-11-15,40
S0 Current practice,10,2024-11-16,40
S0 Current practice,10,2024-11-17,40
S0 Current practice,10,2024-11-18,28
S0 Current practice,10,2024-11-19,56
S0 Current practice,10,2024-11-20,48
S0 Current practice,10,2024-11-21,54
S0 Current practice,10,2024-11-22,46
S0 Current practice,10,2024-11-23,46
S0 Current practice,10,2024-11-24,46
S0 Current practice,10,2024-11-25,47
S0 Current practice,10,2024-11-26,58
S0 Current practice,10,2024-11-27,70
S0 Current practice,10,2024-11-28,70
S0 Current practice,10,2024-11-29,70
S0 Current practice,10,2024-11-30,70
S0 Current practice,10,2024-12-01,70
S0 Current practice,10,2024-12-02,76
S0 Current practice,10,2024-12-03,79
S0 Current practice,10,2024-12-04,67
S0 Current practice,10,2024-12-05,56
S0 Current practice,10,2024-12-06,41
S0 Current practice,10,2024-12-07,41
S0 Current practice,10,2024-12-08,41
S0 Current practice,10,2024-12-09,26
S0 Current practice,10,2024-12-10,36
S0 Current practice,10,2024-12-11,23
S0 Current practice,10,2024-12-12,24
S0 Current practice,10,2024-12-13,35
S0 Current practice,11,2024-11-04,12
S0 Current practice,11,2024-11-05,19
S0 Current practice,11,2024-11-06,6
S0 Current practice,11,2024-11-07,7
S0 Current practice,11,2024-11-08,8
S0 Current practice,11,2024-11-09,8
S0 Current practice,11,2024-11-10,8
S0 Current practice,11,2024-11-11,15
S0 Current practice,11,2024-11-12,40
S0 Current practice,11,2024-11-13,47
S0 Current practice,11,2024-11-14,50
S0 Current practice,11,2024-11-15,51
S0 Current practice,11,2024-11-16,51
S0 Current practice,11,2024-11-17,51
S0 Current practice,11,2024-11-18,53
S0 Current practice,11,2024-11-19,82
S0 Current practice,11,2024-11-20,76
S0 Current practice,11,2024-11-21,69
S0 Current practice,11,2024-11-22,50
S0 Current practice,11,2024-11-23,50
S0 Current practice,11,2024-11-24,50
S0 Current practice,11,2024-11-25,54
S0 Current practice,11,2024-11-26,70
S0 Current practice,11,2024-11-27,81
S0 Current practice,11,2024-11-28,81
S0 Current practice,11,2024-11-29,81
S0 Current practice,11,2024-11-30,81
S0 Current practice,11,2024-12-01,81
S0 Current practice,11,2024-12-02,92
S0 Current practice,11,2024-12-03,107
S0 Current practice,11,2024-12-04,100
S0 Current practice,11,2024-12-05,88
S0 Current practice,11,2024-12-06,67
S0 Current practice,11,2024-12-07,67
S0 Current practice,11,2024-12-08,67
S0 Current practice,11,2024-12-09,41
S0 Current practice,11,2024-12-10,46
S0 Current practice,11,2024-12-11,35
S0 Current practice,11,2024-12-12,51
S0 Current practice,11,2024-12-13,71
S0 Current practice,12,2024-11-04,11
S0 Current practice,12,2024-11-05,12
S0 Current practice,12,2024-11-06,10
S0 Current practice,12,2024-11-07,10
S0 Current practice,12,2024-11-08,9
S0 Current practice,12,2024-11-09,9
S0 Current practice,12,2024-11-10,9
S0 Current practice,12,2024-11-11,27
S0 Current practice,12,2024-11-12,51
S0 Current practice,12,2024-11-13,66
S0 Current practice,12,2024-11-14,68
S0 Current practice,12,2024-11-15,68
S0 Current practice,12,2024-11-16,68
S0 Current practice,12,2024-11-17,68
S0 Current practice,12,2024-11-18,51
S0 Current practice,12,2024-11-19,74
S0 Current practice,12,2024-11-20,64
S0 Current practice,12,2024-11-21,65
S0 Current practice,12,2024-11-22,51
S0 Current practice,12,2024-11-23,51
S0 Current practice,12,2024-11-24,51
S0 Current practice,12,2024-11-25,57
S0 Current practice,12,2024-11-26,87
S0 Current practice,12,2024-11-27,91
S0 Current practice,12,2024-11-28,91
S0 Current practice,12,2024-11-29,91
S0 Current practice,12,2024-11-30,91
S0 Current practice,12,2024-12-01,91
S0 Current practice,12,2024-12-02,100
S0 Current practice,12,2024-12-03,105
S0 Current practice,12,2024-12-04,94
S0 Current practice,12,2024-12-05,77
S0 Current practice,12,2024-12-06,48
S0 Current practice,12,2024-12-07,48
S0 Current practice,12,2024-12-08,48
S0 Current practice,12,2024-12-09,41
S0 Current practice,12,2024-12-10,39
S0 Current practice,12,2024-12-11,14
S0 Current practice,12,2024-12-12,22
S0 Current practice,12,2024-12-13,46
S0 Current practice,13,2024-11-04,9
S0 Current practice,13,2024-11-05,10
S0 Current practice,13,2024-11-06,9
S0 Current practice,13,2024-11-07,10
S0 Current practice,13,2024-11-08,20
S0 Current practice,13,2024-11-09,20
S0 Current practice,13,2024-11-10,20
S0 Current practice,13,2024-11-11,35
S0 Current practice,13,2024-11-12,65
S0 Current practice,13,2024-11-13,77
S0 Current practice,13,2024-11-14,89
S0 Current practice,13,2024-11-15,86
S0 Current practice,13,2024-11-16,86
S0 Current practice,13,2024-11-17,86
S0 Current practice,13,2024-11-18,84
S0 Current practice,13,2024-11-19,109
S0 Current practice,13,2024-11-20,101
S0 Current practice,13,2024-11-21,95
S0 Current practice,13,2024-11-22,76
S0 Current practice,13,2024-11-23,76
S0 Current practice,13,2024-11-24,76
S0 Current practice,13,2024-11-25,76
S0 Current practice,13,2024-11-26,83
S0 Current practice,13,2024-11-27,95
S0 Current practice,13,2024-11-28,95
S0 Current practice,13,2024-11-29,95
S0 Current practice,13,2024-11-30,95
S0 Current practice,13,2024-12-01,95
S0 Current practice,13,2024-12-02,103
S0 Current practice,13,2024-12-03,123
S0 Current practice,13,2024-12-04,126
S0 Current practice,13,2024-12-05,106
S0 Current practice,13,2024-12-06,86
S0 Current practice,13,2024-12-07,86
S0 Current practice,13,2024-12-08,86
S0 Current practice,13,2024-12-09,78
S0 Current practice,13,2024-12-10,87
S0 Current practice,13,2024-12-11,72
S0 Current practice,13,2024-12-12,87
S0 Current practice,13,2024-12-13,107
S0 Current practice,14,2024-11-04,13
S0 Current practice,14,2024-11-05,28
S0 Current practice,14,2024-11-06,8
S0 Current practice,14,2024-11-07,8
S0 Current practice,14,2024-11-08,9
S0 Current practice,14,2024-11-09,9
S0 Current practice,14,2024-11-10,9
S0 Current practice,14,2024-11-11,7
S0 Current practice,14,2024-11-12,28
S0 Current practice,14,2024-11-13,38
S0 Current practice,14,2024-11-14,41
S0 Current practice,14,2024-11-15,46
S0 Current practice,14,2024-11-16,46
S0 Current practice,14,2024-11-17,46
S0 Current practice,14,2024-11-18,35
S0 Current practice,14,2024-11-19,69
S0 Current practice,14,2024-11-20,67
S0 Current practice,14,2024-11-21,53
S0 Current practice,14,2024-11-22,35
S0 Current practice,14,2024-11-23,35
S0 Current practice,14,2024-11-24,35
S0 Current practice,14,2024-11-25,37
S0 Current practice,14,2024-11-26,61
S0 Current practice,14,2024-11-27,77
S0 Current practice,14,2024-11-28,77
S0 Current practice,14,2024-11-29,77
S0 Current practice,14,2024-11-30,77
S0 Current practice,14,2024-12-01,77
S0 Current practice,14,2024-12-02,85
S0 Current practice,14,2024-12-03,96
S0 Current practice,14,2024-12-04,86
S0 Current practice,14,2024-12-05,61
S0 Current practice,14,2024-12-06,46
S0 Current practice,14,2024-12-07,46
S0 Current practice,14,2024-12-08,46
S0 Current practice,14,2024-12-09,31
S0 Current practice,14,2024-12-10,40
S0 Current practice,14,2024-12-11,22
S0 Current practice,14,2024-12-12,32
S0 Current practice,14,2024-12-13,52
S0 Current practice,15,2024-11-04,10
S0 Current practice,15,2024-11-05,18
S0 Current practice,15,2024-11-06,11
S0 Current practice,15,2024-11-07,9
S0 Current practice,15,2024-11-08,12
S0 Current practice,15,2024-11-09,12
S0 Current practice,15,2024-11-10,12
S0 Current practice,15,2024-11-11,28
S0 Current practice,15,2024-11-12,58
S0 Current practice,15,2024-11-13,69
S0 Current practice,15,2024-11-14,69
S0 Current practice,15,2024-11-15,80
S0 Current practice,15,2024-11-16,80
S0 Current practice,15,2024-11-17,80
S0 Current practice,15,2024-11-18,69
S0 Current practice,15,2024-11-19,80
S0 Current practice,15,2024-11-20,73
S0 Current practice,15,2024-11-21,57
S0 Current practice,15,2024-11-22,51
S0 Current practice,15,2024-11-23,51
S0 Current practice,15,2024-11-24,51
S0 Current practice,15,2024-11-25,55
S0 Current practice,15,2024-11-26,76
S0 Current practice,15,2024-11-27,93
S0 Current practice,15,2024-11-28,93
S0 Current practice,15,2024-11-29,93
S0 Current practice,15,2024-11-30,93
S0 Current practice,15,2024-12-01,93
S0 Current practice,15,2024-12-02,101
S0 Current practice,15,2024-12-03,100
S0 Current practice,15,2024-12-04,86
S0 Current practice,15,2024-12-05,71
S0 Current practice,15,2024-12-06,59
S0 Current practice,15,2024-12-07,59
S0 Current practice,15,2024-12-08,59
S0 Current practice,15,2024-12-09,51
S0 Current practice,15,2024-12-10,52
S0 Current practice,15,2024-12-11,31
S0 Current practice,15,2024-12-12,39
S0 Current practice,15,2024-12-13,34
S0 Current practice,16,2024-11-04,11
S0 Current practice,16,2024-11-05,9
S0 Current practice,16,2024-11-06,9
S0 Current practice,16,2024-11-07,9
S0 Current practice,16,2024-11-08,11
S0 Current practice,16,2024-11-09,11
S0 Current practice,16,2024-11-10,11
S0 Current practice,16,2024-11-11,23
S0 Current practice,16,2024-11-12,51
S0 Current practice,16,2024-11-13,59
S0 Current practice,16,2024-11-14,58
S0 Current practice,16,2024-11-15,55
S0 Current practice,16,2024-11-16,55
S0 Current practice,16,2024-11-17,55
S0 Current practice,16,2024-11-18,51
S0 Current practice,16,2024-11-19,74
S0 Current practice,16,2024-11-20,73
S0 Current practice,16,2024-11-21,70
S0 Current practice,16,2024-11-22,58
S0 Current practice,16,2024-11-23,58
S0 Current practice,16,2024-11-24,58
S0 Current practice,16,2024-11-25,54
S0 Current practice,16,2024-11-26,70
S0 Current practice,16,2024-11-27,81
S0 Current practice,16,2024-11-28,81
S0 Current practice,16,2024-11-29,81
S0 Current practice,16,2024-11-30,81
S0 Current practice,16,2024-12-01,81
S0 Current practice,16,2024-12-02,80
S0 Current practice,16,2024-12-03,81
S0 Current practice,16,2024-12-04,65
S0 Current practice,16,2024-12-05,55
S0 Current practice,16,2024-12-06,34
S0 Current practice,16,2024-12-07,34
S0 Current practice,16,2024-12-08,34
S0 Current practice,16,2024-12-09,16
S0 Current practice,16,2024-12-10,26
S0 Current practice,16,2024-12-11,16
S0 Current practice,16,2024-12-12,40
S0 Current practice,16,2024-12-13,39
S0 Current practice,17,2024-11-04,14
S0 Current practice,17,2024-11-05,15
S0 Current practice,17,2024-11-06,14
S0 Current practice,17,2024-11-07,10
S0 Current practice,17,2024-11-08,11
S0 Current practice,17,2024-11-09,11
S0 Current practice,17,2024-11-10,11
S0 Current practice,17,2024-11-11,31
S0 Current practice,17,2024-11-12,61
S0 Current practice,17,2024-11-13,74
S0 Current practice,17,2024-11-14,71
S0 Current practice,17,2024-11-15,72
S0 Current practice,17,2024-11-16,72
S0 Current practice,17,2024-11-17,72
S0 Current practice,17,2024-11-18,58
S0 Current practice,17,2024-11-19,78
S0 Current practice,17,2024-11-20,77
S0 Current practice,17,2024-11-21,70
S0 Current practice,17,2024-11-22,52
S0 Current practice,17,2024-11-23,52
S0 Current practice,17,2024-11-24,52
S0 Current practice,17,2024-11-25,67
S0 Current practice,17,2024-11-26,83
S0 Current practice,17,2024-11-27,74
S0 Current practice,17,2024-11-28,74
S0 Current practice,17,2024-11-29,74
S0 Current practice,17,2024-11-30,74
S0 Current practice,17,2024-12-01,74
S0 Current practice,17,2024-12-02,85
S0 Current practice,17,2024-12-03,83
S0 Current practice,17,2024-12-04,88
S0 Current practice,17,2024-12-05,76
S0 Current practice,17,2024-12-06,62
S0 Current practice,17,2024-12-07,62
S0 Current practice,17,2024-12-08,62
S0 Current practice,17,2024-12-09,43
S0 Current practice,17,2024-12-10,40
S0 Current practice,17,2024-12-11,27
S0 Current practice,17,2024-12-12,42
S0 Current practice,17,2024-12-13,63
S0 Current practice,18,2024-11-04,9
S0 Current practice,18,2024-11-05,10
S0 Current practice,18,2024-11-06,12
S0 Current practice,18,2024-11-07,11
S0 Current practice,18,2024-11-08,12
S0 Current practice,18,2024-11-09,12
S0 Current practice,18,2024-11-10,12
S0 Current practice,18,2024-11-11,15
S0 Current practice,18,2024-11-12,37
S0 Current practice,18,2024-11-13,49
S0 Current practice,18,2024-11-14,53
S0 Current practice,18,2024-11-15,60
S0 Current practice,18,2024-11-16,60
S0 Current practice,18,2024-11-17,60
S0 Current practice,18,2024-11-18,54
S0 Current practice,18,2024-11-19,79
S0 Current practice,18,2024-11-20,78
S0 Current practice,18,2024-11-21,70
S0 Current practice,18,2024-11-22,60
S0 Current practice,18,2024-11-23,60
S0 Current practice,18,2024-11-24,60
S0 Current practice,18,2024-11-25,55
S0 Current practice,18,2024-11-26,65
S0 Current practice,18,2024-11-27,90
S0 Current practice,18,2024-11-28,90
S0 Current practice,18,2024-11-29,90
S0 Current practice,18,2024-11-30,90
S0 Current practice,18,2024-12-01,90
S0 Current practice,18,2024-12-02,100
S0 Current practice,18,2024-12-03,103
S0 Current practice,18,2024-12-04,92
S0 Current practice,18,2024-12-05,78
S0 Current practice,18,2024-12-06,55
S0 Current practice,18,2024-12-07,55
S0 Current practice,18,2024-12-08,55
S0 Current practice,18,2024-12-09,39
S0 Current practice,18,2024-12-10,43
S0 Current practice,18,2024-12-11,35
S0 Current practice,18,2024-12-12,36
S0 Current practice,18,2024-12-13,53
S0 Current practice,19,2024-11-04,8
S0 Current practice,19,2024-11-05,10
S0 Current practice,19,2024-11-06,10
S0 Current practice,19,2024-11-07,10
S0 Current practice,19,2024-11-08,17
S0 Current practice,19,2024-11-09,17
S0 Current practice,19,2024-11-10,17
S0 Current practice,19,2024-11-11,24
S0 Current practice,19,2024-11-12,48
S0 Current practice,19,2024-11-13,70
S0 Current practice,19,2024-11-14,68
S0 Current practice,19,2024-11-15,66
S0 Current practice,19,2024-11-16,66
S0 Current practice,19,2024-11-17,66
S0 Current practice,19,2024-11-18,63
S0 Current practice,19,2024-11-19,88
S0 Current practice,19,2024-11-20,87
S0 Current practice,19,2024-11-21,85
S0 Current practice,19,2024-11-22,69
S0 Current practice,19,2024-11-23,69
S0 Current practice,19,2024-11-24,69
S0 Current practice,19,2024-11-25,76
S0 Current practice,19,2024-11-26,77
S0 Current practice,19,2024-11-27,90
S0 Current practice,19,2024-11-28,90
S0 Current practice,19,2024-11-29,90
S0 Current practice,19,2024-11-30,90
S0 Current practice,19,2024-12-01,90
S0 Current practice,19,2024-12-02,87
S0 Current practice,19,2024-12-03,93
S0 Current practice,19,2024-12-04,89
S0 Current practice,19,2024-12-05,81
S0 Current practice,19,2024-12-06,70
S0 Current practice,19,2024-12-07,70
S0 Current practice,19,2024-12-08,70
S0 Current practice,19,2024-12-09,54
S0 Current practice,19,2024-12-10,67
S0 Current practice,19,2024-12-11,60
S0 Current practice,19,2024-12-12,64
S0 Current practice,19,2024-12-13,75
S0 Current practice,20,2024-11-04,9
S0 Current practice,20,2024-11-05,14
S0 Current practice,20,2024-11-06,9
S0 Current practice,20,2024-11-07,10
S0 Current practice,20,2024-11-08,8
S0 Current practice,20,2024-11-09,8
S0 Current practice,20,2024-11-10,8
S0 Current practice,20,2024-11-11,24
S0 Current practice,20,2024-11-12,55
S0 Current practice,20,2024-11-13,63
S0 Current practice,20,2024-11-14,64
S0 Current practice,20,2024-11-15,58
S0 Current practice,20,2024-11-16,58
S0 Current practice,20,2024-11-17,58
S0 Current practice,20,2024-11-18,52
S0 Current practice,20,2024-11-19,78
S0 Current practice,20,2024-11-20,67
S0 Current practice,20,2024-11-21,62
S0 Current practice,20,2024-11-22,43
S0 Current practice,20,2024-11-23,43
S0 Current practice,20,2024-11-24,43
S0 Current practice,20,2024-11-25,44
S0 Current practice,20,2024-11-26,68
S0 Current practice,20,2024-11-27,82
S0 Current practice,20,2024-11-28,82
S0 Current practice,20,2024-11-29,82
S0 Current practice,20,2024-11-30,82
S0 Current practice,20,2024-12-01,82
S0 Current practice,20,2024-12-02,92
S0 Current practice,20,2024-12-03,105
S0 Current practice,20,2024-12-04,96
S0 Current practice,20,2024-12-05,69
S0 Current practice,20,2024-12-06,55
S0 Current practice,20,2024-12-07,55
S0 Current practice,20,2024-12-08,55
S0 Current practice,20,2024-12-09,35
S0 Current practice,20,2024-12-10,42
S0 Current practice,20,2024-12-11,34
S0 Current practice,20,2024-12-12,51
S0 Current practice,20,2024-12-13,74
S0 Current practice,21,2024-11-04,9
S0 Current practice,21,2024-11-05,15
S0 Current practice,21,2024-11-06,10
S0 Current practice,21,2024-11-07,9
S0 Current practice,21,2024-11-08,8
S0 Current practice,21,2024-11-09,8
S0 Current practice,21,2024-11-10,8
S0 Current practice,21,2024-11-11,17
S0 Current practice,21,2024-11-12,43
S0 Current practice,21,2024-11-13,59
S0 Current practice,21,2024-11-14,71
S0 Current practice,21,2024-11-15,77
S0 Current practice,21,2024-11-16,77
S0 Current practice,21,2024-11-17,77
S0 Current practice,21,2024-11-18,72
S0 Current practice,21,2024-11-19,85
S0 Current practice,21,2024-11-20,78
S0 Current practice,21,2024-11-21,73
S0 Current practice,21,2024-11-22,47
S0 Current practice,21,2024-11-23,47
S0 Current practice,21,2024-11-24,47
S0 Current practice,21,2024-11-25,52
S0 Current practice,21,2024-11-26,71
S0 Current practice,21,2024-11-27,90
S0 Current practice,21,2024-11-28,90
S0 Current practice,21,2024-11-29,90
S0 Current practice,21,2024-11-30,90
S0 Current practice,21,2024-12-01,90
S0 Current practice,21,2024-12-02,88
S0 Current practice,21,2024-12-03,102
S0 Current practice,21,2024-12-04,93
S0 Current practice,21,2024-12-05,72
S0 Current practice,21,2024-12-06,55
S0 Current practice,21,2024-12-07,55
S0 Current practice,21,2024-12-08,55
S0 Current practice,21,2024-12-09,46
S0 Current practice,21,2024-12-10,41
S0 Current practice,21,2024-12-11,32
S0 Current practice,21,2024-12-12,47
S0 Current practice,21,2024-12-13,71
S0 Current practice,22,2024-11-04,10
S0 Current practice,22,2024-11-05,17
S0 Current practice,22,2024-11-06,13
S0 Current practice,22,2024-11-07,12
S0 Current practice,22,2024-11-08,11
S0 Current practice,22,2024-11-09,11
S0 Current practice,22,2024-11-10,11
S0 Current practice,22,2024-11-11,23
S0 Current practice,22,2024-11-12,49
S0 Current practice,22,2024-11-13,63
S0 Current practice,22,2024-11-14,66
S0 Current practice,22,2024-11-15,58
S0 Current practice,22,2024-11-16,58
S0 Current practice,22,2024-11-17,58
S0 Current practice,22,2024-11-18,44
S0 Current practice,22,2024-11-19,72
S0 Current practice,22,2024-11-20,76
S0 Current practice,22,2024-11-21,76
S0 Current practice,22,2024-11-22,48
S0 Current practice,22,2024-11-23,48
S0 Current practice,22,2024-11-24,48
S0 Current practice,22,2024-11-25,51
S0 Current practice,22,2024-11-26,60
S0 Current practice,22,2024-11-27,73
S0 Current practice,22,2024-11-28,73
S0 Current practice,22,2024-11-29,73
S0 Current practice,22,2024-11-30,73
S0 Current practice,22,2024-12-01,73
S0 Current practice,22,2024-12-02,73
S0 Current practice,22,2024-12-03,69
S0 Current practice,22,2024-12-04,69
S0 Current practice,22,2024-12-05,67
S0 Current practice,22,2024-12-06,57
S0 Current practice,22,2024-12-07,57
S0 Current practice,22,2024-12-08,57
S0 Current practice,22,2024-12-09,48
S0 Current practice,22,2024-12-10,49
S0 Current practice,22,2024-12-11,43
S0 Current practice,22,2024-12-12,61
S0 Current practice,22,2024-12-13,80
S0 Current practice,23,2024-11-04,11
S0 Current practice,23,2024-11-05,12
S0 Current practice,23,2024-11-06,12
S0 Current practice,23,2024-11-07,9
S0 Current practice,23,2024-11-08,12
S0 Current practice,23,2024-11-09,12
S0 Current practice,23,2024-11-10,12
S0 Current practice,23,2024-11-11,14
S0 Current practice,23,2024-11-12,46
S0 Current practice,23,2024-11-13,53
S0 Current practice,23,2024-11-14,65
S0 Current practice,23,2024-11-15,57
S0 Current practice,23,2024-11-16,57
S0 Current practice,23,2024-11-17,57
S0 Current practice,23,2024-11-18,42
S0 Current practice,23,2024-11-19,64
S0 Current practice,23,2024-11-20,62
S0 Current practice,23,2024-11-21,44
S0 Current practice,23,2024-11-22,41
S0 Current practice,23,2024-11-23,41
S0 Current practice,23,2024-11-24,41
S0 Current practice,23,2024-11-25,46
S0 Current practice,23,2024-11-26,64
S0 Current practice,23,2024-11-27,75
S0 Current practice,23,2024-11-28,75
S0 Current practice,23,2024-11-29,75
S0 Current practice,23,2024-11-30,75
S0 Current practice,23,2024-12-01,75
S0 Current practice,23,2024-12-02,68
S0 Current practice,23,2024-12-03,64
S0 Current practice,23,2024-12-04,59
S0 Current practice,23,2024-12-05,34
S0 Current practice,23,2024-12-06,10
S0 Current practice,23,2024-12-07,10
S0 Current practice,23,2024-12-08,10
S0 Current practice,23,2024-12-09,8
S0 Current practice,23,2024-12-10,26
S0 Current practice,23,2024-12-11,29
S0 Current practice,23,2024-12-12,43
S0 Current practice,23,2024-12-13,62
S0 Current practice,24,2024-11-04,5
S0 Current practice,24,2024-11-05,19
S0 Current practice,24,2024-11-06,7
S0 Current practice,24,2024-11-07,6
S0 Current practice,24,2024-11-08,10
S0 Current practice,24,2024-11-09,10
S0 Current practice,24,2024-11-10,10
S0 Current practice,24,2024-11-11,10
S0 Current practice,24,2024-11-12,34
S0 Current practice,24,2024-11-13,52
S0 Current practice,24,2024-11-14,60
S0 Current practice,24,2024-11-15,60
S0 Current practice,24,2024-11-16,60
S0 Current practice,24,2024-11-17,60
S0 Current practice,24,2024-11-18,57
S0 Current practice,24,2024-11-19,87
S0 Current practice,24,2024-11-20,76
S0 Current practice,24,2024-11-21,75
S0 Current practice,24,2024-11-22,66
S0 Current practice,24,2024-11-23,66
S0 Current practice,24,2024-11-24,66
S0 Current practice,24,2024-11-25,73
S0 Current practice,24,2024-11-26,109
S0 Current practice,24,2024-11-27,102
S0 Current practice,24,2024-11-28,102
S0 Current practice,24,2024-11-29,102
S0 Current practice,24,2024-11-30,102
S0 Current practice,24,2024-12-01,102
S0 Current practice,24,2024-12-02,98
S0 Current practice,24,2024-12-03,112
S0 Current practice,24,2024-12-04,100
S0 Current practice,24,2024-12-05,78
S0 Current practice,24,2024-12-06,48
S0 Current practice,24,2024-12-07,48
S0 Current practice,24,2024-12-08,48
S0 Current practice,24,2024-12-09,47
S0 Current practice,24,2024-12-10,51
S0 Current practice,24,2024-12-11,44
S0 Current practice,24,2024-12-12,37
S0 Current practice,24,2024-12-13,57
S0 Current practice,25,2024-11-04,12
S0 Current practice,25,2024-11-05,24
S0 Current practice,25,2024-11-06,10
S0 Current practice,25,2024-11-07,11
S0 Current practice,25,2024-11-08,11
S0 Current practice,25,2024-11-09,11
S0 Current practice,25,2024-11-10,11
S0 Current practice,25,2024-11-11,14
S0 Current practice,25,2024-11-12,36
S0 Current practice,25,2024-11-13,42
S0 Current practice,25,2024-11-14,47
S0 Current practice,25,2024-11-15,42
S0 Current practice,25,2024-11-16,42
S0 Current practice,25,2024-11-17,42
S0 Current practice,25,2024-11-18,33
S0 Current practice,25,2024-11-19,58
S0 Current practice,25,2024-11-20,64
S0 Current practice,25,2024-11-21,63
S0 Current practice,25,2024-11-22,45
S0 Current practice,25,2024-11-23,45
S0 Current practice,25,2024-11-24,45
S0 Current practice,25,2024-11-25,58
S0 Current practice,25,2024-11-26,72
S0 Current practice,25,2024-11-27,88
S0 Current practice,25,2024-11-28,88
S0 Current practice,25,2024-11-29,88
S0 Current practice,25,2024-11-30,88
S0 Current practice,25,2024-12-01,88
S0 Current practice,25,2024-12-02,99
S0 Current practice,25,2024-12-03,106
S0 Current practice,25,2024-12-04,101
S0 Current practice,25,2024-12-05,88
S0 Current practice,25,2024-12-06,66
S0 Current practice,25,2024-12-07,66
S0 Current practice,25,2024-12-08,66
S0 Current practice,25,2024-12-09,54
S0 Current practice,25,2024-12-10,63
S0 Current practice,25,2024-12-11,47
S0 Current practice,25,2024-12-12,57
S0 Current practice,25,2024-12-13,72
S0 Current practice,26,2024-11-04,12
S0 Current practice,26,2024-11-05,20
S0 Current practice,26,2024-11-06,11
S0 Current practice,26,2024-11-07,9
S0 Current practice,26,2024-11-08,20
S0 Current practice,26,2024-11-09,20
S0 Current practice,26,2024-11-10,20
S0 Current practice,26,2024-11-11,13
S0 Current practice,26,2024-11-12,35
S0 Current practice,26,2024-11-13,48
S0 Current practice,26,2024-11-14,58
S0 Current practice,26,2024-11-15,48
S0 Current practice,26,2024-11-16,48
S0 Current practice,26,2024-11-17,48
S0 Current practice,26,2024-11-18,47
S0 Current practice,26,2024-11-19,71
S0 Current practice,26,2024-11-20,63
S0 Current practice,26,2024-11-21,48
S0 Current practice,26,2024-11-22,51
S0 Current practice,26,2024-11-23,51
S0 Current practice,26,2024-11-24,51
S0 Current practice,26,2024-11-25,63
S0 Current practice,26,2024-11-26,78
S0 Current practice,26,2024-11-27,78
S0 Current practice,26,2024-11-28,78
S0 Current practice,26,2024-11-29,78
S0 Current practice,26,2024-11-30,78
S0 Current practice,26,2024-12-01,78
S0 Current practice,26,2024-12-02,87
S0 Current practice,26,2024-12-03,96
S0 Current practice,26,2024-12-04,81
S0 Current practice,26,2024-12-05,72
S0 Current practice,26,2024-12-06,55
S0 Current practice,26,2024-12-07,55
S0 Current practice,26,2024-12-08,55
S0 Current practice,26,2024-12-09,39
S0 Current practice,26,2024-12-10,63
S0 Current practice,26,2024-12-11,45
S0 Current practice,26,2024-12-12,60
S0 Current practice,26,2024-12-13,81
S0 Current practice,27,2024-11-04,8
S0 Current practice,27,2024-11-05,8
S0 Current practice,27,2024-11-06,9
S0 Current practice,27,2024-11-07,8
S0 Current practice,27,2024-11-08,13
S0 Current practice,27,2024-11-09,13
S0 Current practice,27,2024-11-10,13
S0 Current practice,27,2024-11-11,31
S0 Current practice,27,2024-11-12,60
S0 Current practice,27,2024-11-13,64
S0 Current practice,27,2024-11-14,70
S0 Current practice,27,2024-11-15,75
S0 Current practice,27,2024-11-16,75
S0 Current practice,27,2024-11-17,75
S0 Current practice,27,2024-11-18,70
S0 Current practice,27,2024-11-19,87
S0 Current practice,27,2024-11-20,84
S0 Current practice,27,2024-11-21,80
S0 Current practice,27,2024-11-22,74
S0 Current practice,27,2024-11-23,74
S0 Current practice,27,2024-11-24,74
S0 Current practice,27,2024-11-25,52
S0 Current practice,27,2024-11-26,77
S0 Current practice,27,2024-11-27,97
S0 Current practice,27,2024-11-28,97
S0 Current practice,27,2024-11-29,97
S0 Current practice,27,2024-11-30,97
S0 Current practice,27,2024-12-01,97
S0 Current practice,27,2024-12-02,111
S0 Current practice,27,2024-12-03,117
S0 Current practice,27,2024-12-04,117
S0 Current practice,27,2024-12-05,104
S0 Current practice,27,2024-12-06,78
S0 Current practice,27,2024-12-07,78
S0 Current practice,27,2024-12-08,78
S0 Current practice,27,2024-12-09,60
S0 Current practice,27,2024-12-10,72
S0 Current practice,27,2024-12-11,53
S0 Current practice,27,2024-12-12,65
S0 Current practice,27,2024-12-13,87
S0 Current practice,28,2024-11-04,10
S0 Current practice,28,2024-11-05,12
S0 Current practice,28,2024-11-06,9
S0 Current practice,28,2024-11-07,7
S0 Current practice,28,2024-11-08,10
S0 Current practice,28,2024-11-09,10
S0 Current practice,28,2024-11-10,10
S0 Current practice,28,2024-11-11,16
S0 Current practice,28,2024-11-12,36
S0 Current practice,28,2024-11-13,45
S0 Current practice,28,2024-11-14,54
S0 Current practice,28,2024-11-15,53
S0 Current practice,28,2024-11-16,53
S0 Current practice,28,2024-11-17,53
S0 Current practice,28,2024-11-18,39
S0 Current practice,28,2024-11-19,57
S0 Current practice,28,2024-11-20,59
S0 Current practice,28,2024-11-21,54
S0 Current practice,28,2024-11-22,48
S0 Current practice,28,2024-11-23,48
S0 Current practice,28,2024-11-24,48
S0 Current practice,28,2024-11-25,45
S0 Current practice,28,2024-11-26,63
S0 Current practice,28,2024-11-27,79
S0 Current practice,28,2024-11-28,79
S0 Current practice,28,2024-11-29,79
S0 Current practice,28,2024-11-30,79
S0 Current practice,28,2024-12-01,79
S0 Current practice,28,2024-12-02,84
S0 Current practice,28,2024-12-03,83
S0 Current practice,28,2024-12-04,72
S0 Current practice,28,2024-12-05,63
S0 Current practice,28,2024-12-06,43
S0 Current practice,28,2024-12-07,43
S0 Current practice,28,2024-12-08,43
S0 Current practice,28,2024-12-09,32
S0 Current practice,28,2024-12-10,40
S0 Current practice,28,2024-12-11,30
S0 Current practice,28,2024-12-12,30
S0 Current practice,28,2024-12-13,41
S0 Current practice,29,2024-11-04,12
S0 Current practice,29,2024-11-05,22
S0 Current practice,29,2024-11-06,10
S0 Current practice,29,2024-11-07,9
S0 Current practice,29,2024-11-08,9
S0 Current practice,29,2024-11-09,9
S0 Current practice,29,2024-11-10,9
S0 Current practice,29,2024-11-11,15
S0 Current practice,29,2024-11-12,44
S0 Current practice,29,2024-11-13,53
S0 Current practice,29,2024-11-14,53
S0 Current practice,29,2024-11-15,55
S0 Current practice,29,2024-11-16,55
S0 Current practice,29,2024-11-17,55
S0 Current practice,29,2024-11-18,44
S0 Current practice,29,2024-11-19,72
S0 Current practice,29,2024-11-20,75
S0 Current practice,29,2024-11-21,63
S0 Current practice,29,2024-11-22,45
S0 Current practice,29,2024-11-23,45
S0 Current practice,29,2024-11-24,45
S0 Current practice,29,2024-11-25,42
S0 Current practice,29,2024-11-26,55
S0 Current practice,29,2024-11-27,66
S0 Current practice,29,2024-11-28,66
S0 Current practice,29,2024-11-29,66
S0 Current practice,29,2024-11-30,66
S0 Current practice,29,2024-12-01,66
S0 Current practice,29,2024-12-02,53
S0 Current practice,29,2024-12-03,50
S0 Current practice,29,2024-12-04,41
S0 Current practice,29,2024-12-05,36
S0 Current practice,29,2024-12-06,13
S0 Current practice,29,2024-12-07,13
S0 Current practice,29,2024-12-08,13
S0 Current practice,29,2024-12-09,20
S0 Current practice,29,2024-12-10,41
S0 Current practice,29,2024-12-11,18
S0 Current practice,29,2024-12-12,30
S0 Current practice,29,2024-12-13,40
S0 Current practice,30,2024-11-04,9
S0 Current practice,30,2024-11-05,9
S0 Current practice,30,2024-11-06,12
S0 Current practice,30,2024-11-07,8
S0 Current practice,30,2024-11-08,10
S0 Current practice,30,2024-11-09,10
S0 Current practice,30,2024-11-10,10
S0 Current practice,30,2024-11-11,12
S0 Current practice,30,2024-11-12,41
S0 Current practice,30,2024-11-13,54
S0 Current practice,30,2024-11-14,57
S0 Current practice,30,2024-11-15,61
S0 Current practice,30,2024-11-16,61
S0 Current practice,30,2024-11-17,61
S0 Current practice,30,2024-11-18,43
S0 Current practice,30,2024-11-19,61
S0 Current practice,30,2024-11-20,60
S0 Current practice,30,2024-11-21,64
S0 Current practice,30,2024-11-22,47
S0 Current practice,30,2024-11-23,47
S0 Current practice,30,2024-11-24,47
S0 Current practice,30,2024-11-25,40
S0 Current practice,30,2024-11-26,46
S0 Current practice,30,2024-11-27,58
S0 Current practice,30,2024-11-28,58
S0 Current practice,30,2024-11-29,58
S0 Current practice,30,2024-11-30,58
S0 Current practice,30,2024-12-01,58
S0 Current practice,30,2024-12-02,41
S0 Current practice,30,2024-12-03,32
S0 Current practice,30,2024-12-04,30
S0 Current practice,30,2024-12-05,17
S0 Current practice,30,2024-12-06,11
S0 Current practice,30,2024-12-07,11
S0 Current practice,30,2024-12-08,11
S0 Current practice,30,2024-12-09,12
S0 Current practice,30,2024-12-10,38
S0 Current practice,30,2024-12-11,29
S0 Current practice,30,2024-12-12,43
S0 Current practice,30,2024-12-13,65
T Laser tower on L2,1,2024-11-04,11
T Laser tower on L2,1,2024-11-05,9
T Laser tower on L2,1,2024-11-06,12
T Laser tower on L2,1,2024-11-07,10
T Laser tower on L2,1,2024-11-08,11
T Laser tower on L2,1,2024-11-09,11
T Laser tower on L2,1,2024-11-10,11
T Laser tower on L2,1,2024-11-11,20
T Laser tower on L2,1,2024-11-12,43
T Laser tower on L2,1,2024-11-13,49
T Laser tower on L2,1,2024-11-14,45
T Laser tower on L2,1,2024-11-15,39
T Laser tower on L2,1,2024-11-16,38
T Laser tower on L2,1,2024-11-17,38
T Laser tower on L2,1,2024-11-18,27
T Laser tower on L2,1,2024-11-19,50
T Laser tower on L2,1,2024-11-20,33
T Laser tower on L2,1,2024-11-21,24
T Laser tower on L2,1,2024-11-22,11
T Laser tower on L2,1,2024-11-23,10
T Laser tower on L2,1,2024-11-24,10
T Laser tower on L2,1,2024-11-25,16
T Laser tower on L2,1,2024-11-26,19
T Laser tower on L2,1,2024-11-27,18
T Laser tower on L2,1,2024-11-28,14
T Laser tower on L2,1,2024-11-29,14
T Laser tower on L2,1,2024-11-30,14
T Laser tower on L2,1,2024-12-01,14
T Laser tower on L2,1,2024-12-02,10
T Laser tower on L2,1,2024-12-03,6
T Laser tower on L2,1,2024-12-04,7
T Laser tower on L2,1,2024-12-05,8
T Laser tower on L2,1,2024-12-06,9
T Laser tower on L2,1,2024-12-07,9
T Laser tower on L2,1,2024-12-08,9
T Laser tower on L2,1,2024-12-09,9
T Laser tower on L2,1,2024-12-10,12
T Laser tower on L2,1,2024-12-11,6
T Laser tower on L2,1,2024-12-12,16
T Laser tower on L2,1,2024-12-13,34
T Laser tower on L2,2,2024-11-04,15
T Laser tower on L2,2,2024-11-05,14
T Laser tower on L2,2,2024-11-06,8
T Laser tower on L2,2,2024-11-07,9
T Laser tower on L2,2,2024-11-08,11
T Laser tower on L2,2,2024-11-09,11
T Laser tower on L2,2,2024-11-10,11
T Laser tower on L2,2,2024-11-11,15
T Laser tower on L2,2,2024-11-12,39
T Laser tower on L2,2,2024-11-13,49
T Laser tower on L2,2,2024-11-14,57
T Laser tower on L2,2,2024-11-15,58
T Laser tower on L2,2,2024-11-16,57
T Laser tower on L2,2,2024-11-17,57
T Laser tower on L2,2,2024-11-18,41
T Laser tower on L2,2,2024-11-19,44
T Laser tower on L2,2,2024-11-20,33
T Laser tower on L2,2,2024-11-21,31
T Laser tower on L2,2,2024-11-22,6
T Laser tower on L2,2,2024-11-23,6
T Laser tower on L2,2,2024-11-24,6
T Laser tower on L2,2,2024-11-25,19
T Laser tower on L2,2,2024-11-26,31
T Laser tower on L2,2,2024-11-27,25
T Laser tower on L2,2,2024-11-28,19
T Laser tower on L2,2,2024-11-29,19
T Laser tower on L2,2,2024-11-30,19
T Laser tower on L2,2,2024-12-01,19
T Laser tower on L2,2,2024-12-02,12
T Laser tower on L2,2,2024-12-03,9
T Laser tower on L2,2,2024-12-04,13
T Laser tower on L2,2,2024-12-05,10
T Laser tower on L2,2,2024-12-06,9
T Laser tower on L2,2,2024-12-07,9
T Laser tower on L2,2,2024-12-08,9
T Laser tower on L2,2,2024-12-09,9
T Laser tower on L2,2,2024-12-10,9
T Laser tower on L2,2,2024-12-11,7
T Laser tower on L2,2,2024-12-12,13
T Laser tower on L2,2,2024-12-13,29
T Laser tower on L2,3,2024-11-04,9
T Laser tower on L2,3,2024-11-05,10
T Laser tower on L2,3,2024-11-06,7
T Laser tower on L2,3,2024-11-07,7
T Laser tower on L2,3,2024-11-08,9
T Laser tower on L2,3,2024-11-09,9
T Laser tower on L2,3,2024-11-10,9
T Laser tower on L2,3,2024-11-11,9
T Laser tower on L2,3,2024-11-12,26
T Laser tower on L2,3,2024-11-13,36
T Laser tower on L2,3,2024-11-14,37
T Laser tower on L2,3,2024-11-15,34
T Laser tower on L2,3,2024-11-16,30
T Laser tower on L2,3,2024-11-17,30
T Laser tower on L2,3,2024-11-18,9
T Laser tower on L2,3,2024-11-19,36
T Laser tower on L2,3,2024-11-20,20
T Laser tower on L2,3,2024-11-21,7
T Laser tower on L2,3,2024-11-22,6
T Laser tower on L2,3,2024-11-23,6
T Laser tower on L2,3,2024-11-24,6
T Laser tower on L2,3,2024-11-25,10
T Laser tower on L2,3,2024-11-26,21
T Laser tower on L2,3,2024-11-27,16
T Laser tower on L2,3,2024-11-28,13
T Laser tower on L2,3,2024-11-29,13
T Laser tower on L2,3,2024-11-30,13
T Laser tower on L2,3,2024-12-01,13
T Laser tower on L2,3,2024-12-02,29
T Laser tower on L2,3,2024-12-03,21
T Laser tower on L2,3,2024-12-04,10
T Laser tower on L2,3,2024-12-05,8
T Laser tower on L2,3,2024-12-06,8
T Laser tower on L2,3,2024-12-07,8
T Laser tower on L2,3,2024-12-08,8
T Laser tower on L2,3,2024-12-09,7
T Laser tower on L2,3,2024-12-10,16
T Laser tower on L2,3,2024-12-11,7
T Laser tower on L2,3,2024-12-12,29
T Laser tower on L2,3,2024-12-13,44
T Laser tower on L2,4,2024-11-04,11
T Laser tower on L2,4,2024-11-05,13
T Laser tower on L2,4,2024-11-06,8
T Laser tower on L2,4,2024-11-07,7
T Laser tower on L2,4,2024-11-08,9
T Laser tower on L2,4,2024-11-09,9
T Laser tower on L2,4,2024-11-10,9
T Laser tower on L2,4,2024-11-11,26
T Laser tower on L2,4,2024-11-12,47
T Laser tower on L2,4,2024-11-13,55
T Laser tower on L2,4,2024-11-14,49
T Laser tower on L2,4,2024-11-15,44
T Laser tower on L2,4,2024-11-16,41
T Laser tower on L2,4,2024-11-17,41
T Laser tower on L2,4,2024-11-18,34
T Laser tower on L2,4,2024-11-19,56
T Laser tower on L2,4,2024-11-20,45
T Laser tower on L2,4,2024-11-21,40
T Laser tower on L2,4,2024-11-22,13
T Laser tower on L2,4,2024-11-23,10
T Laser tower on L2,4,2024-11-24,10
T Laser tower on L2,4,2024-11-25,14
T Laser tower on L2,4,2024-11-26,31
T Laser tower on L2,4,2024-11-27,28
T Laser tower on L2,4,2024-11-28,21
T Laser tower on L2,4,2024-11-29,21
T Laser tower on L2,4,2024-11-30,21
T Laser tower on L2,4,2024-12-01,21
T Laser tower on L2,4,2024-12-02,12
T Laser tower on L2,4,2024-12-03,10
T Laser tower on L2,4,2024-12-04,10
T Laser tower on L2,4,2024-12-05,10
T Laser tower on L2,4,2024-12-06,11
T Laser tower on L2,4,2024-12-07,11
T Laser tower on L2,4,2024-12-08,11
T Laser tower on L2,4,2024-12-09,9
T Laser tower on L2,4,2024-12-10,7
T Laser tower on L2,4,2024-12-11,8
T Laser tower on L2,4,2024-12-12,6
T Laser tower on L2,4,2024-12-13,22
T Laser tower on L2,5,2024-11-04,11
T Laser tower on L2,5,2024-11-05,13
T Laser tower on L2,5,2024-11-06,11
T Laser tower on L2,5,2024-11-07,12
T Laser tower on L2,5,2024-11-08,14
T Laser tower on L2,5,2024-11-09,14
T Laser tower on L2,5,2024-11-10,14
T Laser tower on L2,5,2024-11-11,31
T Laser tower on L2,5,2024-11-12,55
T Laser tower on L2,5,2024-11-13,65
T Laser tower on L2,5,2024-11-14,58
T Laser tower on L2,5,2024-11-15,54
T Laser tower on L2,5,2024-11-16,51
T Laser tower on L2,5,2024-11-17,51
T Laser tower on L2,5,2024-11-18,44
T Laser tower on L2,5,2024-11-19,62
T Laser tower on L2,5,2024-11-20,61
T Laser tower on L2,5,2024-11-21,47
T Laser tower on L2,5,2024-11-22,31
T Laser tower on L2,5,2024-11-23,27
T Laser tower on L2,5,2024-11-24,27
T Laser tower on L2,5,2024-11-25,19
T Laser tower on L2,5,2024-11-26,39
T Laser tower on L2,5,2024-11-27,53
T Laser tower on L2,5,2024-11-28,53
T Laser tower on L2,5,2024-11-29,53
T Laser tower on L2,5,2024-11-30,53
T Laser tower on L2,5,2024-12-01,53
T Laser tower on L2,5,2024-12-02,43
T Laser tower on L2,5,2024-12-03,36
T Laser tower on L2,5,2024-12-04,31
T Laser tower on L2,5,2024-12-05,9
T Laser tower on L2,5,2024-12-06,6
T Laser tower on L2,5,2024-12-07,6
T Laser tower on L2,5,2024-12-08,6
T Laser tower on L2,5,2024-12-09,8
T Laser tower on L2,5,2024-12-10,10
T Laser tower on L2,5,2024-12-11,3
T Laser tower on L2,5,2024-12-12,11
T Laser tower on L2,5,2024-12-13,27
T Laser tower on L2,6,2024-11-04,14
T Laser tower on L2,6,2024-11-05,21
T Laser tower on L2,6,2024-11-06,11
T Laser tower on L2,6,2024-11-07,9
T Laser tower on L2,6,2024-11-08,12
T Laser tower on L2,6,2024-11-09,12
T Laser tower on L2,6,2024-11-10,12
T Laser tower on L2,6,2024-11-11,29
T Laser tower on L2,6,2024-11-12,48
T Laser tower on L2,6,2024-11-13,54
T Laser tower on L2,6,2024-11-14,48
T Laser tower on L2,6,2024-11-15,54
T Laser tower on L2,6,2024-11-16,53
T Laser tower on L2,6,2024-11-17,53
T Laser tower on L2,6,2024-11-18,40
T Laser tower on L2,6,2024-11-19,52
T Laser tower on L2,6,2024-11-20,36
T Laser tower on L2,6,2024-11-21,30
T Laser tower on L2,6,2024-11-22,10
T Laser tower on L2,6,2024-11-23,8
T Laser tower on L2,6,2024-11-24,8
T Laser tower on L2,6,2024-11-25,6
T Laser tower on L2,6,2024-11-26,9
T Laser tower on L2,6,2024-11-27,18
T Laser tower on L2,6,2024-11-28,15
T Laser tower on L2,6,2024-11-29,15
T Laser tower on L2,6,2024-11-30,15
T Laser tower on L2,6,2024-12-01,15
T Laser tower on L2,6,2024-12-02,9
T Laser tower on L2,6,2024-12-03,6
T Laser tower on L2,6,2024-12-04,9
T Laser tower on L2,6,2024-12-05,9
T Laser tower on L2,6,2024-12-06,5
T Laser tower on L2,6,2024-12-07,5
T Laser tower on L2,6,2024-12-08,5
T Laser tower on L2,6,2024-12-09,7
T Laser tower on L2,6,2024-12-10,15
T Laser tower on L2,6,2024-12-11,6
T Laser tower on L2,6,2024-12-12,19
T Laser tower on L2,6,2024-12-13,26
T Laser tower on L2,7,2024-11-04,10
T Laser tower on L2,7,2024-11-05,12
T Laser tower on L2,7,2024-11-06,11
T Laser tower on L2,7,2024-11-07,11
T Laser tower on L2,7,2024-11-08,12
T Laser tower on L2,7,2024-11-09,12
T Laser tower on L2,7,2024-11-10,12
T Laser tower on L2,7,2024-11-11,12
T Laser tower on L2,7,2024-11-12,33
T Laser tower on L2,7,2024-11-13,50
T Laser tower on L2,7,2024-11-14,43
T Laser tower on L2,7,2024-11-15,31
T Laser tower on L2,7,2024-11-16,28
T Laser tower on L2,7,2024-11-17,28
T Laser tower on L2,7,2024-11-18,22
T Laser tower on L2,7,2024-11-19,46
T Laser tower on L2,7,2024-11-20,47
T Laser tower on L2,7,2024-11-21,28
T Laser tower on L2,7,2024-11-22,7
T Laser tower on L2,7,2024-11-23,7
T Laser tower on L2,7,2024-11-24,7
T Laser tower on L2,7,2024-11-25,5
T Laser tower on L2,7,2024-11-26,12
T Laser tower on L2,7,2024-11-27,34
T Laser tower on L2,7,2024-11-28,34
T Laser tower on L2,7,2024-11-29,34
T Laser tower on L2,7,2024-11-30,34
T Laser tower on L2,7,2024-12-01,34
T Laser tower on L2,7,2024-12-02,50
T Laser tower on L2,7,2024-12-03,67
T Laser tower on L2,7,2024-12-04,39
T Laser tower on L2,7,2024-12-05,14
T Laser tower on L2,7,2024-12-06,10
T Laser tower on L2,7,2024-12-07,10
T Laser tower on L2,7,2024-12-08,10
T Laser tower on L2,7,2024-12-09,10
T Laser tower on L2,7,2024-12-10,11
T Laser tower on L2,7,2024-12-11,5
T Laser tower on L2,7,2024-12-12,7
T Laser tower on L2,7,2024-12-13,26
T Laser tower on L2,8,2024-11-04,8
T Laser tower on L2,8,2024-11-05,16
T Laser tower on L2,8,2024-11-06,9
T Laser tower on L2,8,2024-11-07,7
T Laser tower on L2,8,2024-11-08,12
T Laser tower on L2,8,2024-11-09,9
T Laser tower on L2,8,2024-11-10,9
T Laser tower on L2,8,2024-11-11,24
T Laser tower on L2,8,2024-11-12,43
T Laser tower on L2,8,2024-11-13,48
T Laser tower on L2,8,2024-11-14,57
T Laser tower on L2,8,2024-11-15,44
T Laser tower on L2,8,2024-11-16,42
T Laser tower on L2,8,2024-11-17,42
T Laser tower on L2,8,2024-11-18,35
T Laser tower on L2,8,2024-11-19,50
T Laser tower on L2,8,2024-11-20,35
T Laser tower on L2,8,2024-11-21,39
T Laser tower on L2,8,2024-11-22,17
T Laser tower on L2,8,2024-11-23,15
T Laser tower on L2,8,2024-11-24,15
T Laser tower on L2,8,2024-11-25,19
T Laser tower on L2,8,2024-11-26,35
T Laser tower on L2,8,2024-11-27,38
T Laser tower on L2,8,2024-11-28,38
T Laser tower on L2,8,2024-11-29,38
T Laser tower on L2,8,2024-11-30,38
T Laser tower on L2,8,2024-12-01,38
T Laser tower on L2,8,2024-12-02,40
T Laser tower on L2,8,2024-12-03,20
T Laser tower on L2,8,2024-12-04,14
T Laser tower on L2,8,2024-12-05,9
T Laser tower on L2,8,2024-12-06,6
T Laser tower on L2,8,2024-12-07,6
T Laser tower on L2,8,2024-12-08,6
T Laser tower on L2,8,2024-12-09,7
T Laser tower on L2,8,2024-12-10,13
T Laser tower on L2,8,2024-12-11,10
T Laser tower on L2,8,2024-12-12,21
T Laser tower on L2,8,2024-12-13,29
T Laser tower on L2,9,2024-11-04,12
T Laser tower on L2,9,2024-11-05,12
T Laser tower on L2,9,2024-11-06,10
T Laser tower on L2,9,2024-11-07,9
T Laser tower on L2,9,2024-11-08,9
T Laser tower on L2,9,2024-11-09,9
T Laser tower on L2,9,2024-11-10,9
T Laser tower on L2,9,2024-11-11,13
T Laser tower on L2,9,2024-11-12,35
T Laser tower on L2,9,2024-11-13,44
T Laser tower on L2,9,2024-11-14,50
T Laser tower on L2,9,2024-11-15,46
T Laser tower on L2,9,2024-11-16,43
T Laser tower on L2,9,2024-11-17,43
T Laser tower on L2,9,2024-11-18,34
T Laser tower on L2,9,2024-11-19,58
T Laser tower on L2,9,2024-11-20,62
T Laser tower on L2,9,2024-11-21,59
T Laser tower on L2,9,2024-11-22,36
T Laser tower on L2,9,2024-11-23,36
T Laser tower on L2,9,2024-11-24,36
T Laser tower on L2,9,2024-11-25,42
T Laser tower on L2,9,2024-11-26,58
T Laser tower on L2,9,2024-11-27,50
T Laser tower on L2,9,2024-11-28,43
T Laser tower on L2,9,2024-11-29,43
T Laser tower on L2,9,2024-11-30,43
T Laser tower on L2,9,2024-12-01,43
T Laser tower on L2,9,2024-12-02,36
T Laser tower on L2,9,2024-12-03,27
T Laser tower on L2,9,2024-12-04,21
T Laser tower on L2,9,2024-12-05,13
T Laser tower on L2,9,2024-12-06,13
T Laser tower on L2,9,2024-12-07,13
T Laser tower on L2,9,2024-12-08,13
T Laser tower on L2,9,2024-12-09,12
T Laser tower on L2,9,2024-12-10,20
T Laser tower on L2,9,2024-12-11,7
T Laser tower on L2,9,2024-12-12,16
T Laser tower on L2,9,2024-12-13,22
T Laser tower on L2,10,2024-11-04,14
T Laser tower on L2,10,2024-11-05,30
T Laser tower on L2,10,2024-11-06,13
T Laser tower on L2,10,2024-11-07,12
T Laser tower on L2,10,2024-11-08,16
T Laser tower on L2,10,2024-11-09,12
T Laser tower on L2,10,2024-11-10,12
T Laser tower on L2,10,2024-11-11,11
T Laser tower on L2,10,2024-11-12,41
T Laser tower on L2,10,2024-11-13,54
T Laser tower on L2,10,2024-11-14,58
T Laser tower on L2,10,2024-11-15,55
T Laser tower on L2,10,2024-11-16,49
T Laser tower on L2,10,2024-11-17,49
T Laser tower on L2,10,2024-11-18,36
T Laser tower on L2,10,2024-11-19,60
T Laser tower on L2,10,2024-11-20,52
T Laser tower on L2,10,2024-11-21,39
T Laser tower on L2,10,2024-11-22,19
T Laser tower on L2,10,2024-11-23,18
T Laser tower on L2,10,2024-11-24,18
T Laser tower on L2,10,2024-11-25,13
T Laser tower on L2,10,2024-11-26,26
T Laser tower on L2,10,2024-11-27,37
T Laser tower on L2,10,2024-11-28,31
T Laser tower on L2,10,2024-11-29,31
T Laser tower on L2,10,2024-11-30,31
T Laser tower on L2,10,2024-12-01,31
T Laser tower on L2,10,2024-12-02,40
T Laser tower on L2,10,2024-12-03,16
T Laser tower on L2,10,2024-12-04,13
T Laser tower on L2,10,2024-12-05,7
T Laser tower on L2,10,2024-12-06,7
T Laser tower on L2,10,2024-12-07,7
T Laser tower on L2,10,2024-12-08,7
T Laser tower on L2,10,2024-12-09,7
T Laser tower on L2,10,2024-12-10,11
T Laser tower on L2,10,2024-12-11,8
T Laser tower on L2,10,2024-12-12,8
T Laser tower on L2,10,2024-12-13,27
T Laser tower on L2,11,2024-11-04,10
T Laser tower on L2,11,2024-11-05,11
T Laser tower on L2,11,2024-11-06,8
T Laser tower on L2,11,2024-11-07,8
T Laser tower on L2,11,2024-11-08,8
T Laser tower on L2,11,2024-11-09,8
T Laser tower on L2,11,2024-11-10,8
T Laser tower on L2,11,2024-11-11,17
T Laser tower on L2,11,2024-11-12,45
T Laser tower on L2,11,2024-11-13,53
T Laser tower on L2,11,2024-11-14,52
T Laser tower on L2,11,2024-11-15,59
T Laser tower on L2,11,2024-11-16,59
T Laser tower on L2,11,2024-11-17,59
T Laser tower on L2,11,2024-11-18,49
T Laser tower on L2,11,2024-11-19,75
T Laser tower on L2,11,2024-11-20,57
T Laser tower on L2,11,2024-11-21,44
T Laser tower on L2,11,2024-11-22,32
T Laser tower on L2,11,2024-11-23,29
T Laser tower on L2,11,2024-11-24,29
T Laser tower on L2,11,2024-11-25,34
T Laser tower on L2,11,2024-11-26,44
T Laser tower on L2,11,2024-11-27,41
T Laser tower on L2,11,2024-11-28,37
T Laser tower on L2,11,2024-11-29,37
T Laser tower on L2,11,2024-11-30,37
T Laser tower on L2,11,2024-12-01,37
T Laser tower on L2,11,2024-12-02,38
T Laser tower on L2,11,2024-12-03,25
T Laser tower on L2,11,2024-12-04,21
T Laser tower on L2,11,2024-12-05,11
T Laser tower on L2,11,2024-12-06,7
T Laser tower on L2,11,2024-12-07,7
T Laser tower on L2,11,2024-12-08,7
T Laser tower on L2,11,2024-12-09,7
T Laser tower on L2,11,2024-12-10,8
T Laser tower on L2,11,2024-12-11,4
T Laser tower on L2,11,2024-12-12,23
T Laser tower on L2,11,2024-12-13,36
T Laser tower on L2,12,2024-11-04,8
T Laser tower on L2,12,2024-11-05,11
T Laser tower on L2,12,2024-11-06,11
T Laser tower on L2,12,2024-11-07,10
T Laser tower on L2,12,2024-11-08,14
T Laser tower on L2,12,2024-11-09,13
T Laser tower on L2,12,2024-11-10,13
T Laser tower on L2,12,2024-11-11,21
T Laser tower on L2,12,2024-11-12,49
T Laser tower on L2,12,2024-11-13,60
T Laser tower on L2,12,2024-11-14,61
T Laser tower on L2,12,2024-11-15,55
T Laser tower on L2,12,2024-11-16,55
T Laser tower on L2,12,2024-11-17,55
T Laser tower on L2,12,2024-11-18,47
T Laser tower on L2,12,2024-11-19,68
T Laser tower on L2,12,2024-11-20,64
T Laser tower on L2,12,2024-11-21,39
T Laser tower on L2,12,2024-11-22,23
T Laser tower on L2,12,2024-11-23,17
T Laser tower on L2,12,2024-11-24,17
T Laser tower on L2,12,2024-11-25,7
T Laser tower on L2,12,2024-11-26,30
T Laser tower on L2,12,2024-11-27,46
T Laser tower on L2,12,2024-11-28,42
T Laser tower on L2,12,2024-11-29,42
T Laser tower on L2,12,2024-11-30,42
T Laser tower on L2,12,2024-12-01,42
T Laser tower on L2,12,2024-12-02,32
T Laser tower on L2,12,2024-12-03,17
T Laser tower on L2,12,2024-12-04,9
T Laser tower on L2,12,2024-12-05,10
T Laser tower on L2,12,2024-12-06,9
T Laser tower on L2,12,2024-12-07,9
T Laser tower on L2,12,2024-12-08,9
T Laser tower on L2,12,2024-12-09,9
T Laser tower on L2,12,2024-12-10,11
T Laser tower on L2,12,2024-12-11,6
T Laser tower on L2,12,2024-12-12,13
T Laser tower on L2,12,2024-12-13,21
T Laser tower on L2,13,2024-11-04,15
T Laser tower on L2,13,2024-11-05,23
T Laser tower on L2,13,2024-11-06,9
T Laser tower on L2,13,2024-11-07,9
T Laser tower on L2,13,2024-11-08,10
T Laser tower on L2,13,2024-11-09,10
T Laser tower on L2,13,2024-11-10,10
T Laser tower on L2,13,2024-11-11,13
T Laser tower on L2,13,2024-11-12,30
T Laser tower on L2,13,2024-11-13,27
T Laser tower on L2,13,2024-11-14,16
T Laser tower on L2,13,2024-11-15,13
T Laser tower on L2,13,2024-11-16,13
T Laser tower on L2,13,2024-11-17,13
T Laser tower on L2,13,2024-11-18,14
T Laser tower on L2,13,2024-11-19,47
T Laser tower on L2,13,2024-11-20,43
T Laser tower on L2,13,2024-11-21,35
T Laser tower on L2,13,2024-11-22,17
T Laser tower on L2,13,2024-11-23,13
T Laser tower on L2,13,2024-11-24,13
T Laser tower on L2,13,2024-11-25,19
T Laser tower on L2,13,2024-11-26,36
T Laser tower on L2,13,2024-11-27,34
T Laser tower on L2,13,2024-11-28,28
T Laser tower on L2,13,2024-11-29,28
T Laser tower on L2,13,2024-11-30,28
T Laser tower on L2,13,2024-12-01,28
T Laser tower on L2,13,2024-12-02,17
T Laser tower on L2,13,2024-12-03,8
T Laser tower on L2,13,2024-12-04,22
T Laser tower on L2,13,2024-12-05,12
T Laser tower on L2,13,2024-12-06,13
T Laser tower on L2,13,2024-12-07,13
T Laser tower on L2,13,2024-12-08,13
T Laser tower on L2,13,2024-12-09,12
T Laser tower on L2,13,2024-12-10,11
T Laser tower on L2,13,2024-12-11,8
T Laser tower on L2,13,2024-12-12,12
T Laser tower on L2,13,2024-12-13,21
T Laser tower on L2,14,2024-11-04,10
T Laser tower on L2,14,2024-11-05,11
T Laser tower on L2,14,2024-11-06,11
T Laser tower on L2,14,2024-11-07,8
T Laser tower on L2,14,2024-11-08,11
T Laser tower on L2,14,2024-11-09,11
T Laser tower on L2,14,2024-11-10,11
T Laser tower on L2,14,2024-11-11,11
T Laser tower on L2,14,2024-11-12,31
T Laser tower on L2,14,2024-11-13,40
T Laser tower on L2,14,2024-11-14,42
T Laser tower on L2,14,2024-11-15,43
T Laser tower on L2,14,2024-11-16,42
T Laser tower on L2,14,2024-11-17,42
T Laser tower on L2,14,2024-11-18,33
T Laser tower on L2,14,2024-11-19,48
T Laser tower on L2,14,2024-11-20,40
T Laser tower on L2,14,2024-11-21,21
T Laser tower on L2,14,2024-11-22,18
T Laser tower on L2,14,2024-11-23,16
T Laser tower on L2,14,2024-11-24,16
T Laser tower on L2,14,2024-11-25,19
T Laser tower on L2,14,2024-11-26,36
T Laser tower on L2,14,2024-11-27,32
T Laser tower on L2,14,2024-11-28,27
T Laser tower on L2,14,2024-11-29,27
T Laser tower on L2,14,2024-11-30,27
T Laser tower on L2,14,2024-12-01,27
T Laser tower on L2,14,2024-12-02,18
T Laser tower on L2,14,2024-12-03,7
T Laser tower on L2,14,2024-12-04,7
T Laser tower on L2,14,2024-12-05,6
T Laser tower on L2,14,2024-12-06,9
T Laser tower on L2,14,2024-12-07,9
T Laser tower on L2,14,2024-12-08,9
T Laser tower on L2,14,2024-12-09,6
T Laser tower on L2,14,2024-12-10,9
T Laser tower on L2,14,2024-12-11,6
T Laser tower on L2,14,2024-12-12,13
T Laser tower on L2,14,2024-12-13,33
T Laser tower on L2,15,2024-11-04,8
T Laser tower on L2,15,2024-11-05,14
T Laser tower on L2,15,2024-11-06,6
T Laser tower on L2,15,2024-11-07,5
T Laser tower on L2,15,2024-11-08,7
T Laser tower on L2,15,2024-11-09,7
T Laser tower on L2,15,2024-11-10,7
T Laser tower on L2,15,2024-11-11,19
T Laser tower on L2,15,2024-11-12,49
T Laser tower on L2,15,2024-11-13,58
T Laser tower on L2,15,2024-11-14,62
T Laser tower on L2,15,2024-11-15,56
T Laser tower on L2,15,2024-11-16,56
T Laser tower on L2,15,2024-11-17,56
T Laser tower on L2,15,2024-11-18,51
T Laser tower on L2,15,2024-11-19,77
T Laser tower on L2,15,2024-11-20,65
T Laser tower on L2,15,2024-11-21,48
T Laser tower on L2,15,2024-11-22,50
T Laser tower on L2,15,2024-11-23,50
T Laser tower on L2,15,2024-11-24,50
T Laser tower on L2,15,2024-11-25,46
T Laser tower on L2,15,2024-11-26,54
T Laser tower on L2,15,2024-11-27,44
T Laser tower on L2,15,2024-11-28,37
T Laser tower on L2,15,2024-11-29,37
T Laser tower on L2,15,2024-11-30,37
T Laser tower on L2,15,2024-12-01,37
T Laser tower on L2,15,2024-12-02,51
T Laser tower on L2,15,2024-12-03,57
T Laser tower on L2,15,2024-12-04,52
T Laser tower on L2,15,2024-12-05,36
T Laser tower on L2,15,2024-12-06,11
T Laser tower on L2,15,2024-12-07,11
T Laser tower on L2,15,2024-12-08,11
T Laser tower on L2,15,2024-12-09,8
T Laser tower on L2,15,2024-12-10,12
T Laser tower on L2,15,2024-12-11,3
T Laser tower on L2,15,2024-12-12,7
T Laser tower on L2,15,2024-12-13,15
T Laser tower on L2,16,2024-11-04,12
T Laser tower on L2,16,2024-11-05,10
T Laser tower on L2,16,2024-11-06,8
T Laser tower on L2,16,2024-11-07,9
T Laser tower on L2,16,2024-11-08,11
T Laser tower on L2,16,2024-11-09,11
T Laser tower on L2,16,2024-11-10,11
T Laser tower on L2,16,2024-11-11,18
T Laser tower on L2,16,2024-11-12,37
T Laser tower on L2,16,2024-11-13,45
T Laser tower on L2,16,2024-11-14,47
T Laser tower on L2,16,2024-11-15,31
T Laser tower on L2,16,2024-11-16,29
T Laser tower on L2,16,2024-11-17,29
T Laser tower on L2,16,2024-11-18,16
T Laser tower on L2,16,2024-11-19,40
T Laser tower on L2,16,2024-11-20,43
T Laser tower on L2,16,2024-11-21,20
T Laser tower on L2,16,2024-11-22,7
T Laser tower on L2,16,2024-11-23,7
T Laser tower on L2,16,2024-11-24,7
T Laser tower on L2,16,2024-11-25,17
T Laser tower on L2,16,2024-11-26,29
T Laser tower on L2,16,2024-11-27,26
T Laser tower on L2,16,2024-11-28,21
T Laser tower on L2,16,2024-11-29,21
T Laser tower on L2,16,2024-11-30,21
T Laser tower on L2,16,2024-12-01,21
T Laser tower on L2,16,2024-12-02,16
T Laser tower on L2,16,2024-12-03,11
T Laser tower on L2,16,2024-12-04,9
T Laser tower on L2,16,2024-12-05,9
T Laser tower on L2,16,2024-12-06,8
T Laser tower on L2,16,2024-12-07,8
T Laser tower on L2,16,2024-12-08,8
T Laser tower on L2,16,2024-12-09,7
T Laser tower on L2,16,2024-12-10,9
T Laser tower on L2,16,2024-12-11,8
T Laser tower on L2,16,2024-12-12,11
T Laser tower on L2,16,2024-12-13,22
T Laser tower on L2,17,2024-11-04,8
T Laser tower on L2,17,2024-11-05,16
T Laser tower on L2,17,2024-11-06,11
T Laser tower on L2,17,2024-11-07,12
T Laser tower on L2,17,2024-11-08,9
T Laser tower on L2,17,2024-11-09,9
T Laser tower on L2,17,2024-11-10,9
T Laser tower on L2,17,2024-11-11,14
T Laser tower on L2,17,2024-11-12,43
T Laser tower on L2,17,2024-11-13,52
T Laser tower on L2,17,2024-11-14,60
T Laser tower on L2,17,2024-11-15,67
T Laser tower on L2,17,2024-11-16,67
T Laser tower on L2,17,2024-11-17,67
T Laser tower on L2,17,2024-11-18,55
T Laser tower on L2,17,2024-11-19,75
T Laser tower on L2,17,2024-11-20,70
T Laser tower on L2,17,2024-11-21,55
T Laser tower on L2,17,2024-11-22,29
T Laser tower on L2,17,2024-11-23,24
T Laser tower on L2,17,2024-11-24,24
T Laser tower on L2,17,2024-11-25,37
T Laser tower on L2,17,2024-11-26,51
T Laser tower on L2,17,2024-11-27,37
T Laser tower on L2,17,2024-11-28,35
T Laser tower on L2,17,2024-11-29,35
T Laser tower on L2,17,2024-11-30,35
T Laser tower on L2,17,2024-12-01,35
T Laser tower on L2,17,2024-12-02,35
T Laser tower on L2,17,2024-12-03,32
T Laser tower on L2,17,2024-12-04,37
T Laser tower on L2,17,2024-12-05,17
T Laser tower on L2,17,2024-12-06,9
T Laser tower on L2,17,2024-12-07,9
T Laser tower on L2,17,2024-12-08,9
T Laser tower on L2,17,2024-12-09,12
T Laser tower on L2,17,2024-12-10,9
T Laser tower on L2,17,2024-12-11,3
T Laser tower on L2,17,2024-12-12,20
T Laser tower on L2,17,2024-12-13,40
T Laser tower on L2,18,2024-11-04,12
T Laser tower on L2,18,2024-11-05,20
T Laser tower on L2,18,2024-11-06,9
T Laser tower on L2,18,2024-11-07,6
T Laser tower on L2,18,2024-11-08,8
T Laser tower on L2,18,2024-11-09,8
T Laser tower on L2,18,2024-11-10,8
T Laser tower on L2,18,2024-11-11,27
T Laser tower on L2,18,2024-11-12,53
T Laser tower on L2,18,2024-11-13,59
T Laser tower on L2,18,2024-11-14,55
T Laser tower on L2,18,2024-11-15,50
T Laser tower on L2,18,2024-11-16,47
T Laser tower on L2,18,2024-11-17,47
T Laser tower on L2,18,2024-11-18,38
T Laser tower on L2,18,2024-11-19,53
T Laser tower on L2,18,2024-11-20,45
T Laser tower on L2,18,2024-11-21,29
T Laser tower on L2,18,2024-11-22,16
T Laser tower on L2,18,2024-11-23,13
T Laser tower on L2,18,2024-11-24,13
T Laser tower on L2,18,2024-11-25,14
T Laser tower on L2,18,2024-11-26,28
T Laser tower on L2,18,2024-11-27,50
T Laser tower on L2,18,2024-11-28,50
T Laser tower on L2,18,2024-11-29,50
T Laser tower on L2,18,2024-11-30,50
T Laser tower on L2,18,2024-12-01,50
T Laser tower on L2,18,2024-12-02,52
T Laser tower on L2,18,2024-12-03,38
T Laser tower on L2,18,2024-12-04,24
T Laser tower on L2,18,2024-12-05,11
T Laser tower on L2,18,2024-12-06,9
T Laser tower on L2,18,2024-12-07,9
T Laser tower on L2,18,2024-12-08,9
T Laser tower on L2,18,2024-12-09,5
T Laser tower on L2,18,2024-12-10,9
T Laser tower on L2,18,2024-12-11,2
T Laser tower on L2,18,2024-12-12,18
T Laser tower on L2,18,2024-12-13,37
T Laser tower on L2,19,2024-11-04,5
T Laser tower on L2,19,2024-11-05,8
T Laser tower on L2,19,2024-11-06,5
T Laser tower on L2,19,2024-11-07,9
T Laser tower on L2,19,2024-11-08,13
T Laser tower on L2,19,2024-11-09,13
T Laser tower on L2,19,2024-11-10,13
T Laser tower on L2,19,2024-11-11,24
T Laser tower on L2,19,2024-11-12,53
T Laser tower on L2,19,2024-11-13,60
T Laser tower on L2,19,2024-11-14,61
T Laser tower on L2,19,2024-11-15,65
T Laser tower on L2,19,2024-11-16,58
T Laser tower on L2,19,2024-11-17,58
T Laser tower on L2,19,2024-11-18,44
T Laser tower on L2,19,2024-11-19,67
T Laser tower on L2,19,2024-11-20,58
T Laser tower on L2,19,2024-11-21,40
T Laser tower on L2,19,2024-11-22,26
T Laser tower on L2,19,2024-11-23,22
T Laser tower on L2,19,2024-11-24,22
T Laser tower on L2,19,2024-11-25,17
T Laser tower on L2,19,2024-11-26,28
T Laser tower on L2,19,2024-11-27,43
T Laser tower on L2,19,2024-11-28,43
T Laser tower on L2,19,2024-11-29,43
T Laser tower on L2,19,2024-11-30,43
T Laser tower on L2,19,2024-12-01,43
T Laser tower on L2,19,2024-12-02,41
T Laser tower on L2,19,2024-12-03,23
T Laser tower on L2,19,2024-12-04,22
T Laser tower on L2,19,2024-12-05,15
T Laser tower on L2,19,2024-12-06,11
T Laser tower on L2,19,2024-12-07,11
T Laser tower on L2,19,2024-12-08,11
T Laser tower on L2,19,2024-12-09,10
T Laser tower on L2,19,2024-12-10,15
T Laser tower on L2,19,2024-12-11,6
T Laser tower on L2,19,2024-12-12,9
T Laser tower on L2,19,2024-12-13,20
T Laser tower on L2,20,2024-11-04,9
T Laser tower on L2,20,2024-11-05,24
T Laser tower on L2,20,2024-11-06,12
T Laser tower on L2,20,2024-11-07,8
T Laser tower on L2,20,2024-11-08,15
T Laser tower on L2,20,2024-11-09,12
T Laser tower on L2,20,2024-11-10,12
T Laser tower on L2,20,2024-11-11,24
T Laser tower on L2,20,2024-11-12,45
T Laser tower on L2,20,2024-11-13,62
T Laser tower on L2,20,2024-11-14,58
T Laser tower on L2,20,2024-11-15,43
T Laser tower on L2,20,2024-11-16,40
T Laser tower on L2,20,2024-11-17,40
T Laser tower on L2,20,2024-11-18,30
T Laser tower on L2,20,2024-11-19,42
T Laser tower on L2,20,2024-11-20,23
T Laser tower on L2,20,2024-11-21,18
T Laser tower on L2,20,2024-11-22,8
T Laser tower on L2,20,2024-11-23,8
T Laser tower on L2,20,2024-11-24,8
T Laser tower on L2,20,2024-11-25,5
T Laser tower on L2,20,2024-11-26,27
T Laser tower on L2,20,2024-11-27,49
T Laser tower on L2,20,2024-11-28,48
T Laser tower on L2,20,2024-11-29,48
T Laser tower on L2,20,2024-11-30,48
T Laser tower on L2,20,2024-12-01,48
T Laser tower on L2,20,2024-12-02,63
T Laser tower on L2,20,2024-12-03,68
T Laser tower on L2,20,2024-12-04,51
T Laser tower on L2,20,2024-12-05,33
T Laser tower on L2,20,2024-12-06,8
T Laser tower on L2,20,2024-12-07,8
T Laser tower on L2,20,2024-12-08,8
T Laser tower on L2,20,2024-12-09,11
T Laser tower on L2,20,2024-12-10,10
T Laser tower on L2,20,2024-12-11,9
T Laser tower on L2,20,2024-12-12,25
T Laser tower on L2,20,2024-12-13,43
T Laser tower on L2,21,2024-11-04,12
T Laser tower on L2,21,2024-11-05,17
T Laser tower on L2,21,2024-11-06,9
T Laser tower on L2,21,2024-11-07,7
T Laser tower on L2,21,2024-11-08,10
T Laser tower on L2,21,2024-11-09,10
T Laser tower on L2,21,2024-11-10,10
T Laser tower on L2,21,2024-11-11,11
T Laser tower on L2,21,2024-11-12,32
T Laser tower on L2,21,2024-11-13,40
T Laser tower on L2,21,2024-11-14,38
T Laser tower on L2,21,2024-11-15,34
T Laser tower on L2,21,2024-11-16,31
T Laser tower on L2,21,2024-11-17,31
T Laser tower on L2,21,2024-11-18,21
T Laser tower on L2,21,2024-11-19,47
T Laser tower on L2,21,2024-11-20,31
T Laser tower on L2,21,2024-11-21,29
T Laser tower on L2,21,2024-11-22,12
T Laser tower on L2,21,2024-11-23,9
T Laser tower on L2,21,2024-11-24,9
T Laser tower on L2,21,2024-11-25,21
T Laser tower on L2,21,2024-11-26,31
T Laser tower on L2,21,2024-11-27,40
T Laser tower on L2,21,2024-11-28,33
T Laser tower on L2,21,2024-11-29,33
T Laser tower on L2,21,2024-11-30,33
T Laser tower on L2,21,2024-12-01,33
T Laser tower on L2,21,2024-12-02,30
T Laser tower on L2,21,2024-12-03,23
T Laser tower on L2,21,2024-12-04,26
T Laser tower on L2,21,2024-12-05,6
T Laser tower on L2,21,2024-12-06,10
T Laser tower on L2,21,2024-12-07,10
T Laser tower on L2,21,2024-12-08,10
T Laser tower on L2,21,2024-12-09,9
T Laser tower on L2,21,2024-12-10,15
T Laser tower on L2,21,2024-12-11,6
T Laser tower on L2,21,2024-12-12,22
T Laser tower on L2,21,2024-12-13,33
T Laser tower on L2,22,2024-11-04,10
T Laser tower on L2,22,2024-11-05,11
T Laser tower on L2,22,2024-11-06,9
T Laser tower on L2,22,2024-11-07,9
T Laser tower on L2,22,2024-11-08,11
T Laser tower on L2,22,2024-11-09,11
T Laser tower on L2,22,2024-11-10,11
T Laser tower on L2,22,2024-11-11,32
T Laser tower on L2,22,2024-11-12,48
T Laser tower on L2,22,2024-11-13,61
T Laser tower on L2,22,2024-11-14,61
T Laser tower on L2,22,2024-11-15,61
T Laser tower on L2,22,2024-11-16,57
T Laser tower on L2,22,2024-11-17,57
T Laser tower on L2,22,2024-11-18,42
T Laser tower on L2,22,2024-11-19,69
T Laser tower on L2,22,2024-11-20,63
T Laser tower on L2,22,2024-11-21,49
T Laser tower on L2,22,2024-11-22,40
T Laser tower on L2,22,2024-11-23,36
T Laser tower on L2,22,2024-11-24,36
T Laser tower on L2,22,2024-11-25,37
T Laser tower on L2,22,2024-11-26,48
T Laser tower on L2,22,2024-11-27,60
T Laser tower on L2,22,2024-11-28,60
T Laser tower on L2,22,2024-11-29,60
T Laser tower on L2,22,2024-11-30,60
T Laser tower on L2,22,2024-12-01,60
T Laser tower on L2,22,2024-12-02,60
T Laser tower on L2,22,2024-12-03,34
T Laser tower on L2,22,2024-12-04,26
T Laser tower on L2,22,2024-12-05,11
T Laser tower on L2,22,2024-12-06,11
T Laser tower on L2,22,2024-12-07,11
T Laser tower on L2,22,2024-12-08,11
T Laser tower on L2,22,2024-12-09,10
T Laser tower on L2,22,2024-12-10,28
T Laser tower on L2,22,2024-12-11,18
T Laser tower on L2,22,2024-12-12,25
T Laser tower on L2,22,2024-12-13,37
T Laser tower on L2,23,2024-11-04,9
T Laser tower on L2,23,2024-11-05,9
T Laser tower on L2,23,2024-11-06,8
T Laser tower on L2,23,2024-11-07,7
T Laser tower on L2,23,2024-11-08,10
T Laser tower on L2,23,2024-11-09,10
T Laser tower on L2,23,2024-11-10,10
T Laser tower on L2,23,2024-11-11,16
T Laser tower on L2,23,2024-11-12,40
T Laser tower on L2,23,2024-11-13,44
T Laser tower on L2,23,2024-11-14,49
T Laser tower on L2,23,2024-11-15,55
T Laser tower on L2,23,2024-11-16,51
T Laser tower on L2,23,2024-11-17,51
T Laser tower on L2,23,2024-11-18,45
T Laser tower on L2,23,2024-11-19,53
T Laser tower on L2,23,2024-11-20,35
T Laser tower on L2,23,2024-11-21,29
T Laser tower on L2,23,2024-11-22,11
T Laser tower on L2,23,2024-11-23,11
T Laser tower on L2,23,2024-11-24,11
T Laser tower on L2,23,2024-11-25,15
T Laser tower on L2,23,2024-11-26,22
T Laser tower on L2,23,2024-11-27,11
T Laser tower on L2,23,2024-11-28,6
T Laser tower on L2,23,2024-11-29,6
T Laser tower on L2,23,2024-11-30,6
T Laser tower on L2,23,2024-12-01,6
T Laser tower on L2,23,2024-12-02,8
T Laser tower on L2,23,2024-12-03,9
T Laser tower on L2,23,2024-12-04,8
T Laser tower on L2,23,2024-12-05,10
T Laser tower on L2,23,2024-12-06,9
T Laser tower on L2,23,2024-12-07,9
T Laser tower on L2,23,2024-12-08,9
T Laser tower on L2,23,2024-12-09,8
T Laser tower on L2,23,2024-12-10,19
T Laser tower on L2,23,2024-12-11,20
T Laser tower on L2,23,2024-12-12,16
T Laser tower on L2,23,2024-12-13,30
T Laser tower on L2,24,2024-11-04,9
T Laser tower on L2,24,2024-11-05,13
T Laser tower on L2,24,2024-11-06,9
T Laser tower on L2,24,2024-11-07,8
T Laser tower on L2,24,2024-11-08,9
T Laser tower on L2,24,2024-11-09,9
T Laser tower on L2,24,2024-11-10,9
T Laser tower on L2,24,2024-11-11,15
T Laser tower on L2,24,2024-11-12,42
T Laser tower on L2,24,2024-11-13,54
T Laser tower on L2,24,2024-11-14,58
T Laser tower on L2,24,2024-11-15,61
T Laser tower on L2,24,2024-11-16,59
T Laser tower on L2,24,2024-11-17,59
T Laser tower on L2,24,2024-11-18,46
T Laser tower on L2,24,2024-11-19,70
T Laser tower on L2,24,2024-11-20,57
T Laser tower on L2,24,2024-11-21,51
T Laser tower on L2,24,2024-11-22,33
T Laser tower on L2,24,2024-11-23,33
T Laser tower on L2,24,2024-11-24,33
T Laser tower on L2,24,2024-11-25,39
T Laser tower on L2,24,2024-11-26,50
T Laser tower on L2,24,2024-11-27,49
T Laser tower on L2,24,2024-11-28,49
T Laser tower on L2,24,2024-11-29,49
T Laser tower on L2,24,2024-11-30,49
T Laser tower on L2,24,2024-12-01,49
T Laser tower on L2,24,2024-12-02,41
T Laser tower on L2,24,2024-12-03,27
T Laser tower on L2,24,2024-12-04,14
T Laser tower on L2,24,2024-12-05,11
T Laser tower on L2,24,2024-12-06,12
T Laser tower on L2,24,2024-12-07,12
T Laser tower on L2,24,2024-12-08,12
T Laser tower on L2,24,2024-12-09,9
T Laser tower on L2,24,2024-12-10,14
T Laser tower on L2,24,2024-12-11,6
T Laser tower on L2,24,2024-12-12,17
T Laser tower on L2,24,2024-12-13,28
T Laser tower on L2,25,2024-11-04,15
T Laser tower on L2,25,2024-11-05,12
T Laser tower on L2,25,2024-11-06,10
T Laser tower on L2,25,2024-11-07,11
T Laser tower on L2,25,2024-11-08,12
T Laser tower on L2,25,2024-11-09,10
T Laser tower on L2,25,2024-11-10,10
T Laser tower on L2,25,2024-11-11,11
T Laser tower on L2,25,2024-11-12,24
T Laser tower on L2,25,2024-11-13,22
T Laser tower on L2,25,2024-11-14,26
T Laser tower on L2,25,2024-11-15,27
T Laser tower on L2,25,2024-11-16,24
T Laser tower on L2,25,2024-11-17,24
T Laser tower on L2,25,2024-11-18,15
T Laser tower on L2,25,2024-11-19,37
T Laser tower on L2,25,2024-11-20,35
T Laser tower on L2,25,2024-11-21,32
T Laser tower on L2,25,2024-11-22,16
T Laser tower on L2,25,2024-11-23,14
T Laser tower on L2,25,2024-11-24,14
T Laser tower on L2,25,2024-11-25,20
T Laser tower on L2,25,2024-11-26,41
T Laser tower on L2,25,2024-11-27,40
T Laser tower on L2,25,2024-11-28,37
T Laser tower on L2,25,2024-11-29,37
T Laser tower on L2,25,2024-11-30,37
T Laser tower on L2,25,2024-12-01,37
T Laser tower on L2,25,2024-12-02,36
T Laser tower on L2,25,2024-12-03,23
T Laser tower on L2,25,2024-12-04,15
T Laser tower on L2,25,2024-12-05,9
T Laser tower on L2,25,2024-12-06,9
T Laser tower on L2,25,2024-12-07,9
T Laser tower on L2,25,2024-12-08,9
T Laser tower on L2,25,2024-12-09,10
T Laser tower on L2,25,2024-12-10,12
T Laser tower on L2,25,2024-12-11,5
T Laser tower on L2,25,2024-12-12,19
T Laser tower on L2,25,2024-12-13,33
T Laser tower on L2,26,2024-11-04,12
T Laser tower on L2,26,2024-11-05,19
T Laser tower on L2,26,2024-11-06,10
T Laser tower on L2,26,2024-11-07,10
T Laser tower on L2,26,2024-11-08,11
T Laser tower on L2,26,2024-11-09,11
T Laser tower on L2,26,2024-11-10,11
T Laser tower on L2,26,2024-11-11,19
T Laser tower on L2,26,2024-11-12,36
T Laser tower on L2,26,2024-11-13,44
T Laser tower on L2,26,2024-11-14,47
T Laser tower on L2,26,2024-11-15,40
T Laser tower on L2,26,2024-11-16,36
T Laser tower on L2,26,2024-11-17,36
T Laser tower on L2,26,2024-11-18,27
T Laser tower on L2,26,2024-11-19,42
T Laser tower on L2,26,2024-11-20,11
T Laser tower on L2,26,2024-11-21,9
T Laser tower on L2,26,2024-11-22,8
T Laser tower on L2,26,2024-11-23,8
T Laser tower on L2,26,2024-11-24,8
T Laser tower on L2,26,2024-11-25,15
T Laser tower on L2,26,2024-11-26,43
T Laser tower on L2,26,2024-11-27,55
T Laser tower on L2,26,2024-11-28,53
T Laser tower on L2,26,2024-11-29,53
T Laser tower on L2,26,2024-11-30,53
T Laser tower on L2,26,2024-12-01,53
T Laser tower on L2,26,2024-12-02,58
T Laser tower on L2,26,2024-12-03,56
T Laser tower on L2,26,2024-12-04,39
T Laser tower on L2,26,2024-12-05,17
T Laser tower on L2,26,2024-12-06,11
T Laser tower on L2,26,2024-12-07,11
T Laser tower on L2,26,2024-12-08,11
T Laser tower on L2,26,2024-12-09,10
T Laser tower on L2,26,2024-12-10,11
T Laser tower on L2,26,2024-12-11,8
T Laser tower on L2,26,2024-12-12,16
T Laser tower on L2,26,2024-12-13,38
T Laser tower on L2,27,2024-11-04,11
T Laser tower on L2,27,2024-11-05,16
T Laser tower on L2,27,2024-11-06,10
T Laser tower on L2,27,2024-11-07,9
T Laser tower on L2,27,2024-11-08,12
T Laser tower on L2,27,2024-11-09,12
T Laser tower on L2,27,2024-11-10,12
T Laser tower on L2,27,2024-11-11,18
T Laser tower on L2,27,2024-11-12,44
T Laser tower on L2,27,2024-11-13,48
T Laser tower on L2,27,2024-11-14,47
T Laser tower on L2,27,2024-11-15,35
T Laser tower on L2,27,2024-11-16,31
T Laser tower on L2,27,2024-11-17,31
T Laser tower on L2,27,2024-11-18,18
T Laser tower on L2,27,2024-11-19,26
T Laser tower on L2,27,2024-11-20,8
T Laser tower on L2,27,2024-11-21,7
T Laser tower on L2,27,2024-11-22,8
T Laser tower on L2,27,2024-11-23,8
T Laser tower on L2,27,2024-11-24,8
T Laser tower on L2,27,2024-11-25,5
T Laser tower on L2,27,2024-11-26,33
T Laser tower on L2,27,2024-11-27,42
T Laser tower on L2,27,2024-11-28,39
T Laser tower on L2,27,2024-11-29,39
T Laser tower on L2,27,2024-11-30,39
T Laser tower on L2,27,2024-12-01,39
T Laser tower on L2,27,2024-12-02,40
T Laser tower on L2,27,2024-12-03,38
T Laser tower on L2,27,2024-12-04,27
T Laser tower on L2,27,2024-12-05,11
T Laser tower on L2,27,2024-12-06,11
T Laser tower on L2,27,2024-12-07,11
T Laser tower on L2,27,2024-12-08,11
T Laser tower on L2,27,2024-12-09,10
T Laser tower on L2,27,2024-12-10,12
T Laser tower on L2,27,2024-12-11,8
T Laser tower on L2,27,2024-12-12,22
T Laser tower on L2,27,2024-12-13,44
T Laser tower on L2,28,2024-11-04,13
T Laser tower on L2,28,2024-11-05,15
T Laser tower on L2,28,2024-11-06,11
T Laser tower on L2,28,2024-11-07,11
T Laser tower on L2,28,2024-11-08,12
T Laser tower on L2,28,2024-11-09,12
T Laser tower on L2,28,2024-11-10,12
T Laser tower on L2,28,2024-11-11,27
T Laser tower on L2,28,2024-11-12,55
T Laser tower on L2,28,2024-11-13,57
T Laser tower on L2,28,2024-11-14,35
T Laser tower on L2,28,2024-11-15,24
T Laser tower on L2,28,2024-11-16,19
T Laser tower on L2,28,2024-11-17,19
T Laser tower on L2,28,2024-11-18,9
T Laser tower on L2,28,2024-11-19,44
T Laser tower on L2,28,2024-11-20,41
T Laser tower on L2,28,2024-11-21,25
T Laser tower on L2,28,2024-11-22,5
T Laser tower on L2,28,2024-11-23,5
T Laser tower on L2,28,2024-11-24,5
T Laser tower on L2,28,2024-11-25,10
T Laser tower on L2,28,2024-11-26,8
T Laser tower on L2,28,2024-11-27,14
T Laser tower on L2,28,2024-11-28,9
T Laser tower on L2,28,2024-11-29,9
T Laser tower on L2,28,2024-11-30,9
T Laser tower on L2,28,2024-12-01,9
T Laser tower on L2,28,2024-12-02,17
T Laser tower on L2,28,2024-12-03,7
T Laser tower on L2,28,2024-12-04,16
T Laser tower on L2,28,2024-12-05,7
T Laser tower on L2,28,2024-12-06,9
T Laser tower on L2,28,2024-12-07,9
T Laser tower on L2,28,2024-12-08,9
T Laser tower on L2,28,2024-12-09,8
T Laser tower on L2,28,2024-12-10,14
T Laser tower on L2,28,2024-12-11,6
T Laser tower on L2,28,2024-12-12,15
T Laser tower on L2,28,2024-12-13,26
T Laser tower on L2,29,2024-11-04,7
T Laser tower on L2,29,2024-11-05,11
T Laser tower on L2,29,2024-11-06,9
T Laser tower on L2,29,2024-11-07,8
T Laser tower on L2,29,2024-11-08,9
T Laser tower on L2,29,2024-11-09,9
T Laser tower on L2,29,2024-11-10,9
T Laser tower on L2,29,2024-11-11,20
T Laser tower on L2,29,2024-11-12,39
T Laser tower on L2,29,2024-11-13,47
T Laser tower on L2,29,2024-11-14,43
T Laser tower on L2,29,2024-11-15,35
T Laser tower on L2,29,2024-11-16,31
T Laser tower on L2,29,2024-11-17,31
T Laser tower on L2,29,2024-11-18,17
T Laser tower on L2,29,2024-11-19,49
T Laser tower on L2,29,2024-11-20,36
T Laser tower on L2,29,2024-11-21,12
T Laser tower on L2,29,2024-11-22,10
T Laser tower on L2,29,2024-11-23,10
T Laser tower on L2,29,2024-11-24,10
T Laser tower on L2,29,2024-11-25,12
T Laser tower on L2,29,2024-11-26,26
T Laser tower on L2,29,2024-11-27,34
T Laser tower on L2,29,2024-11-28,28
T Laser tower on L2,29,2024-11-29,28
T Laser tower on L2,29,2024-11-30,28
T Laser tower on L2,29,2024-12-01,28
T Laser tower on L2,29,2024-12-02,37
T Laser tower on L2,29,2024-12-03,27
T Laser tower on L2,29,2024-12-04,19
T Laser tower on L2,29,2024-12-05,7
T Laser tower on L2,29,2024-12-06,5
T Laser tower on L2,29,2024-12-07,5
T Laser tower on L2,29,2024-12-08,5
T Laser tower on L2,29,2024-12-09,5
T Laser tower on L2,29,2024-12-10,5
T Laser tower on L2,29,2024-12-11,6
T Laser tower on L2,29,2024-12-12,22
T Laser tower on L2,29,2024-12-13,38
T Laser tower on L2,30,2024-11-04,9
T Laser tower on L2,30,2024-11-05,27
T Laser tower on L2,30,2024-11-06,9
T Laser tower on L2,30,2024-11-07,7
T Laser tower on L2,30,2024-11-08,12
T Laser tower on L2,30,2024-11-09,12
T Laser tower on L2,30,2024-11-10,12
T Laser tower on L2,30,2024-11-11,10
T Laser tower on L2,30,2024-11-12,32
T Laser tower on L2,30,2024-11-13,46
T Laser tower on L2,30,2024-11-14,48
T Laser tower on L2,30,2024-11-15,45
T Laser tower on L2,30,2024-11-16,41
T Laser tower on L2,30,2024-11-17,41
T Laser tower on L2,30,2024-11-18,32
T Laser tower on L2,30,2024-11-19,48
T Laser tower on L2,30,2024-11-20,35
T Laser tower on L2,30,2024-11-21,30
T Laser tower on L2,30,2024-11-22,9
T Laser tower on L2,30,2024-11-23,8
T Laser tower on L2,30,2024-11-24,8
T Laser tower on L2,30,2024-11-25,8
T Laser tower on L2,30,2024-11-26,11
T Laser tower on L2,30,2024-11-27,6
T Laser tower on L2,30,2024-11-28,3
T Laser tower on L2,30,2024-11-29,3
T Laser tower on L2,30,2024-11-30,3
T Laser tower on L2,30,2024-12-01,3
T Laser tower on L2,30,2024-12-02,6
T Laser tower on L2,30,2024-12-03,7
T Laser tower on L2,30,2024-12-04,7
T Laser tower on L2,30,2024-12-05,8
T Laser tower on L2,30,2024-12-06,8
T Laser tower on L2,30,2024-12-07,8
T Laser tower on L2,30,2024-12-08,8
T Laser tower on L2,30,2024-12-09,7
T Laser tower on L2,30,2024-12-10,8
T Laser tower on L2,30,2024-12-11,8
T Laser tower on L2,30,2024-12-12,35
T Laser tower on L2,30,2024-12-13,53
