employee_id,role,home_work_center,shift,work_centers_qualified,hire_date,termination_date
E1001,operator,laser,first,laser,2020-02-18,
E1004,operator,laser,first,laser,1998-10-28,2024-02-23
E1006,operator,laser,first,laser,2024-02-28,
E1007,operator,laser,first,laser,2009-03-27,
E1008,operator,laser,second,laser,2004-03-11,2023-10-02
E1009,operator,laser,second,laser,2023-10-16,
E1011,operator,laser,second,laser,2021-11-26,
E1014,operator,punch,first,punch,2014-01-16,2024-05-30
E1017,operator,punch,first,punch,2024-06-17,
E1020,operator,press_brake,first,brake,2017-10-27,
E1023,operator,press_brake,first,brake,2020-01-29,
E1024,operator,press_brake,first,brake;hardware,2020-12-16,
E1026,operator,press_brake,first,brake;hardware,2019-04-16,2025-05-08
E1028,operator,press_brake,first,brake;hardware,2025-05-14,
E1031,operator,press_brake,first,brake,2017-02-18,
E1034,operator,press_brake,second,brake,2019-01-12,2023-07-20
E1036,operator,press_brake,second,brake;hardware,2023-08-07,
E1039,operator,press_brake,second,brake,2010-11-19,2025-09-05
E1042,operator,press_brake,second,brake,2025-09-19,
E1043,operator,press_brake,second,brake,2021-11-15,
E1045,operator,press_brake,second,brake,2019-01-24,
E1046,operator,hardware,first,hardware,2015-12-01,
E1049,operator,hardware,first,hardware,1999-05-02,
E1052,operator,weld,first,weld;grind,2020-06-24,
E1055,operator,weld,first,weld;grind,2022-03-10,2025-09-20
E1056,operator,weld,first,weld;grind,2025-10-03,
E1058,operator,weld,first,weld;grind,2009-05-13,
E1060,operator,weld,first,weld;grind,2019-04-24,
E1062,operator,weld,first,weld;grind,2019-03-31,
E1065,operator,weld,first,weld;grind,2013-05-29,2022-07-01
E1067,operator,weld,first,weld;grind,2022-07-12,
E1069,operator,robotic_weld,first,robot_weld,2008-08-14,2022-11-10
E1070,operator,robotic_weld,first,robot_weld,2022-11-19,
E1072,operator,grind_deburr,first,grind,2021-06-20,
E1075,operator,grind_deburr,first,grind,2022-05-02,
E1077,operator,powder_coat,first,powder,2017-07-12,
E1078,operator,powder_coat,first,powder,2021-10-03,2024-04-01
E1079,operator,powder_coat,first,powder,2024-04-21,
E1080,operator,powder_coat,first,powder,2021-06-29,2022-08-16
E1082,operator,powder_coat,first,powder,2022-08-28,2024-01-03
E1083,operator,powder_coat,first,powder,2024-01-27,
E1084,operator,assembly,first,assembly,2020-06-03,2025-08-21
E1085,operator,assembly,first,assembly,2025-09-05,
E1087,operator,assembly,first,assembly,2017-09-13,2023-04-24
E1089,operator,assembly,first,assembly,2023-05-11,
E1092,operator,inspection_pack,first,inspect,2021-01-29,
E1093,operator,inspection_pack,first,inspect,2016-02-23,
E1095,floater,multiple,first,brake;weld;grind,2021-11-18,2022-09-27
E1097,floater,multiple,first,weld;inspect;laser,2022-10-04,
E1099,floater,multiple,first,inspect;weld;grind,2018-11-30,2025-03-06
E1101,floater,multiple,first,weld;grind;hardware,2025-03-23,
E1102,floater,multiple,first,brake;laser;inspect,2021-03-13,
E1103,floater,multiple,first,brake;weld;inspect,2019-01-10,
E1105,floater,multiple,first,brake;grind;weld,2020-08-21,
E1107,floater,multiple,first,laser;hardware;assembly,2014-08-15,
E1109,floater,multiple,second,grind;brake;laser,2020-09-26,2023-07-04
E1111,floater,multiple,second,inspect;weld;grind,2023-07-12,2024-07-30
E1114,floater,multiple,second,grind;assembly;inspect,2024-08-16,
E1116,floater,multiple,second,brake;assembly;weld,2013-07-03,
E1117,floater,multiple,second,inspect;weld;assembly,2017-09-04,
E1120,floater,multiple,second,brake;grind;inspect,2022-02-12,
E1123,material_handling,,first,,2009-03-26,
E1126,material_handling,,first,,2018-09-18,
E1127,material_handling,,first,,2015-04-01,
E1128,material_handling,,first,,2016-10-10,
E1129,material_handling,,first,,2012-03-05,
E1130,material_handling,,first,,2020-06-01,
E1132,material_handling,,first,,2018-09-01,
E1134,material_handling,,first,,2019-06-19,
E1135,material_handling,,first,,2020-07-29,
E1138,shipping_receiving,,first,,2014-01-24,
E1139,shipping_receiving,,first,,2013-04-25,
E1141,shipping_receiving,,first,,2021-04-06,
E1143,shipping_receiving,,first,,1996-10-06,
E1144,shipping_receiving,,first,,2017-05-12,
E1145,shipping_receiving,,first,,2013-05-23,
E1148,quality_inspector,,first,,2017-11-24,
E1149,quality_inspector,,first,,2018-08-30,
E1150,quality_inspector,,first,,2021-10-17,
E1152,quality_inspector,,first,,2020-07-18,
E1154,quality_inspector,,first,,2020-10-04,
E1155,maintenance,,first,,2020-02-06,
E1156,maintenance,,first,,2004-11-22,
E1157,maintenance,,first,,2014-04-25,
E1160,maintenance,,first,,2021-10-09,
E1161,maintenance,,first,,2022-02-01,
E1164,supervisor,,first,,2002-12-08,
E1166,supervisor,,first,,2013-09-03,
E1169,supervisor,,first,,2018-08-25,
E1172,supervisor,,first,,2021-10-15,
E1174,supervisor,,first,,2017-03-31,
E1175,supervisor,,first,,2017-05-01,
E1177,cnc_programmer,,first,,2020-02-22,
E1178,cnc_programmer,,first,,2021-09-30,
E1180,cnc_programmer,,first,,2009-07-07,
E1181,cnc_programmer,,first,,2020-05-10,
E1184,estimator,,first,,2018-05-17,
E1187,estimator,,first,,2014-04-17,
E1189,estimator,,first,,2022-04-10,
E1190,estimator,,first,,2011-05-23,
E1191,planner,,first,,2020-03-22,
E1192,planner,,first,,2021-07-12,
E1194,planner,,first,,2016-10-29,
E1196,manufacturing_engineer,,first,,2022-01-04,
E1197,manufacturing_engineer,,first,,2020-08-02,
E1199,manufacturing_engineer,,first,,2012-05-14,
E1200,manufacturing_engineer,,first,,2017-07-18,
E1202,manufacturing_engineer,,first,,2020-06-18,
E1205,manufacturing_engineer,,first,,2017-10-17,
E1208,purchasing,,first,,2021-12-26,
E1211,purchasing,,first,,2022-03-03,
E1213,purchasing,,first,,2021-10-07,
E1214,customer_service,,first,,2017-07-19,
E1216,customer_service,,first,,2012-07-30,
E1219,customer_service,,first,,2020-07-12,
E1221,customer_service,,first,,2017-10-07,
E1222,customer_service,,first,,2017-05-07,
E1225,customer_service,,first,,2022-03-31,
E1227,sales,,first,,2020-08-12,
E1230,sales,,first,,2022-03-25,
E1231,sales,,first,,2015-09-19,
E1234,sales,,first,,2020-08-22,
E1235,sales,,first,,2020-11-14,
E1236,accounting_hr_admin,,first,,2010-04-01,
E1239,accounting_hr_admin,,first,,2018-09-22,
E1240,accounting_hr_admin,,first,,2020-09-14,
E1242,accounting_hr_admin,,first,,2017-08-25,
E1243,accounting_hr_admin,,first,,2021-11-17,
E1246,accounting_hr_admin,,first,,2015-11-28,
E1247,accounting_hr_admin,,first,,2011-02-28,
E1248,accounting_hr_admin,,first,,2016-07-29,
E1251,management,,first,,2020-09-07,
E1252,management,,first,,2022-01-01,
E1254,management,,first,,2020-03-10,
E1257,management,,first,,2016-12-28,
E1259,management,,first,,2020-10-27,
E1262,management,,first,,2022-05-25,
