schedule_date,week_start,color
2023-01-03,2023-01-02,white
2023-01-03,2023-01-02,gray
2023-01-04,2023-01-02,black
2023-01-04,2023-01-02,blue
2023-01-05,2023-01-02,white
2023-01-05,2023-01-02,beige
2023-01-06,2023-01-02,gray
2023-01-09,2023-01-09,black
2023-01-09,2023-01-09,red
2023-01-10,2023-01-09,white
2023-01-10,2023-01-09,gray
2023-01-11,2023-01-09,black
2023-01-11,2023-01-09,blue
2023-01-12,2023-01-09,white
2023-01-12,2023-01-09,beige
2023-01-13,2023-01-09,gray
2023-01-16,2023-01-16,black
2023-01-16,2023-01-16,red
2023-01-17,2023-01-16,white
2023-01-17,2023-01-16,gray
2023-01-18,2023-01-16,black
2023-01-18,2023-01-16,blue
2023-01-19,2023-01-16,white
2023-01-19,2023-01-16,beige
2023-01-20,2023-01-16,gray
2023-01-23,2023-01-23,black
2023-01-23,2023-01-23,red
2023-01-24,2023-01-23,white
2023-01-24,2023-01-23,gray
2023-01-25,2023-01-23,black
2023-01-25,2023-01-23,blue
2023-01-26,2023-01-23,white
2023-01-26,2023-01-23,beige
2023-01-27,2023-01-23,gray
2023-01-30,2023-01-30,black
2023-01-30,2023-01-30,red
2023-01-31,2023-01-30,white
2023-01-31,2023-01-30,gray
2023-02-01,2023-01-30,black
2023-02-01,2023-01-30,blue
2023-02-02,2023-01-30,white
2023-02-02,2023-01-30,beige
2023-02-03,2023-01-30,gray
2023-02-06,2023-02-06,black
2023-02-06,2023-02-06,red
2023-02-07,2023-02-06,white
2023-02-07,2023-02-06,gray
2023-02-08,2023-02-06,black
2023-02-08,2023-02-06,blue
2023-02-09,2023-02-06,white
2023-02-09,2023-02-06,beige
2023-02-10,2023-02-06,gray
2023-02-13,2023-02-13,black
2023-02-13,2023-02-13,red
2023-02-14,2023-02-13,white
2023-02-14,2023-02-13,gray
2023-02-15,2023-02-13,black
2023-02-15,2023-02-13,blue
2023-02-16,2023-02-13,white
2023-02-16,2023-02-13,beige
2023-02-17,2023-02-13,gray
2023-02-20,2023-02-20,black
2023-02-20,2023-02-20,red
2023-02-21,2023-02-20,white
2023-02-21,2023-02-20,gray
2023-02-22,2023-02-20,black
2023-02-22,2023-02-20,blue
2023-02-23,2023-02-20,white
2023-02-23,2023-02-20,beige
2023-02-24,2023-02-20,gray
2023-02-27,2023-02-27,black
2023-02-27,2023-02-27,red
2023-02-28,2023-02-27,white
2023-02-28,2023-02-27,gray
2023-03-01,2023-02-27,black
2023-03-01,2023-02-27,blue
2023-03-02,2023-02-27,white
2023-03-02,2023-02-27,beige
2023-03-03,2023-02-27,gray
2023-03-06,2023-03-06,black
2023-03-06,2023-03-06,red
2023-03-07,2023-03-06,white
2023-03-07,2023-03-06,gray
2023-03-08,2023-03-06,black
2023-03-08,2023-03-06,blue
2023-03-09,2023-03-06,white
2023-03-09,2023-03-06,beige
2023-03-10,2023-03-06,gray
2023-03-13,2023-03-13,black
2023-03-13,2023-03-13,red
2023-03-14,2023-03-13,white
2023-03-14,2023-03-13,gray
2023-03-15,2023-03-13,black
2023-03-15,2023-03-13,blue
2023-03-16,2023-03-13,white
2023-03-16,2023-03-13,beige
2023-03-17,2023-03-13,gray
2023-03-20,2023-03-20,black
2023-03-20,2023-03-20,red
2023-03-21,2023-03-20,white
2023-03-21,2023-03-20,gray
2023-03-22,2023-03-20,black
2023-03-22,2023-03-20,blue
2023-03-23,2023-03-20,white
2023-03-23,2023-03-20,beige
2023-03-24,2023-03-20,gray
2023-03-27,2023-03-27,black
2023-03-27,2023-03-27,red
2023-03-28,2023-03-27,white
2023-03-28,2023-03-27,gray
2023-03-29,2023-03-27,black
2023-03-29,2023-03-27,blue
2023-03-30,2023-03-27,white
2023-03-30,2023-03-27,beige
2023-03-31,2023-03-27,gray
2023-04-03,2023-04-03,black
2023-04-03,2023-04-03,red
2023-04-04,2023-04-03,white
2023-04-04,2023-04-03,gray
2023-04-05,2023-04-03,black
2023-04-05,2023-04-03,blue
2023-04-06,2023-04-03,white
2023-04-06,2023-04-03,beige
2023-04-07,2023-04-03,gray
2023-04-10,2023-04-10,black
2023-04-10,2023-04-10,red
2023-04-11,2023-04-10,white
2023-04-11,2023-04-10,gray
2023-04-12,2023-04-10,black
2023-04-12,2023-04-10,blue
2023-04-13,2023-04-10,white
2023-04-13,2023-04-10,beige
2023-04-14,2023-04-10,gray
2023-04-17,2023-04-17,black
2023-04-17,2023-04-17,red
2023-04-18,2023-04-17,white
2023-04-18,2023-04-17,gray
2023-04-19,2023-04-17,black
2023-04-19,2023-04-17,blue
2023-04-20,2023-04-17,white
2023-04-20,2023-04-17,beige
2023-04-21,2023-04-17,gray
2023-04-24,2023-04-24,black
2023-04-24,2023-04-24,red
2023-04-25,2023-04-24,white
2023-04-25,2023-04-24,gray
2023-04-26,2023-04-24,black
2023-04-26,2023-04-24,blue
2023-04-27,2023-04-24,white
2023-04-27,2023-04-24,beige
2023-04-28,2023-04-24,gray
2023-05-01,2023-05-01,black
2023-05-01,2023-05-01,red
2023-05-02,2023-05-01,white
2023-05-02,2023-05-01,gray
2023-05-03,2023-05-01,black
2023-05-03,2023-05-01,blue
2023-05-04,2023-05-01,white
2023-05-04,2023-05-01,beige
2023-05-05,2023-05-01,gray
2023-05-08,2023-05-08,black
2023-05-08,2023-05-08,red
2023-05-09,2023-05-08,white
2023-05-09,2023-05-08,gray
2023-05-10,2023-05-08,black
2023-05-10,2023-05-08,blue
2023-05-11,2023-05-08,white
2023-05-11,2023-05-08,beige
2023-05-12,2023-05-08,gray
2023-05-15,2023-05-15,black
2023-05-15,2023-05-15,red
2023-05-16,2023-05-15,white
2023-05-16,2023-05-15,gray
2023-05-17,2023-05-15,black
2023-05-17,2023-05-15,blue
2023-05-18,2023-05-15,white
2023-05-18,2023-05-15,beige
2023-05-19,2023-05-15,gray
2023-05-22,2023-05-22,black
2023-05-22,2023-05-22,red
2023-05-23,2023-05-22,white
2023-05-23,2023-05-22,gray
2023-05-24,2023-05-22,black
2023-05-24,2023-05-22,blue
2023-05-25,2023-05-22,white
2023-05-25,2023-05-22,beige
2023-05-26,2023-05-22,gray
2023-05-30,2023-05-29,white
2023-05-30,2023-05-29,gray
2023-05-31,2023-05-29,black
2023-05-31,2023-05-29,blue
2023-06-01,2023-05-29,white
2023-06-01,2023-05-29,beige
2023-06-02,2023-05-29,gray
2023-06-05,2023-06-05,black
2023-06-05,2023-06-05,red
2023-06-06,2023-06-05,white
2023-06-06,2023-06-05,gray
2023-06-07,2023-06-05,black
2023-06-07,2023-06-05,blue
2023-06-08,2023-06-05,white
2023-06-08,2023-06-05,beige
2023-06-09,2023-06-05,gray
2023-06-12,2023-06-12,black
2023-06-12,2023-06-12,red
2023-06-13,2023-06-12,white
2023-06-13,2023-06-12,gray
2023-06-14,2023-06-12,black
2023-06-14,2023-06-12,blue
2023-06-15,2023-06-12,white
2023-06-15,2023-06-12,beige
2023-06-16,2023-06-12,gray
2023-06-19,2023-06-19,black
2023-06-19,2023-06-19,red
2023-06-20,2023-06-19,white
2023-06-20,2023-06-19,gray
2023-06-21,2023-06-19,black
2023-06-21,2023-06-19,blue
2023-06-22,2023-06-19,white
2023-06-22,2023-06-19,beige
2023-06-23,2023-06-19,gray
2023-06-26,2023-06-26,black
2023-06-26,2023-06-26,red
2023-06-27,2023-06-26,white
2023-06-27,2023-06-26,gray
2023-06-28,2023-06-26,black
2023-06-28,2023-06-26,blue
2023-06-29,2023-06-26,white
2023-06-29,2023-06-26,beige
2023-06-30,2023-06-26,gray
2023-07-03,2023-07-03,black
2023-07-03,2023-07-03,red
2023-07-05,2023-07-03,black
2023-07-05,2023-07-03,blue
2023-07-06,2023-07-03,white
2023-07-06,2023-07-03,beige
2023-07-07,2023-07-03,gray
2023-07-10,2023-07-10,black
2023-07-10,2023-07-10,red
2023-07-11,2023-07-10,white
2023-07-11,2023-07-10,gray
2023-07-12,2023-07-10,black
2023-07-12,2023-07-10,blue
2023-07-13,2023-07-10,white
2023-07-13,2023-07-10,beige
2023-07-14,2023-07-10,gray
2023-07-17,2023-07-17,black
2023-07-17,2023-07-17,red
2023-07-18,2023-07-17,white
2023-07-18,2023-07-17,gray
2023-07-19,2023-07-17,black
2023-07-19,2023-07-17,blue
2023-07-20,2023-07-17,white
2023-07-20,2023-07-17,beige
2023-07-21,2023-07-17,gray
2023-07-24,2023-07-24,black
2023-07-24,2023-07-24,red
2023-07-25,2023-07-24,white
2023-07-25,2023-07-24,gray
2023-07-26,2023-07-24,black
2023-07-26,2023-07-24,blue
2023-07-27,2023-07-24,white
2023-07-27,2023-07-24,beige
2023-07-28,2023-07-24,gray
2023-07-31,2023-07-31,black
2023-07-31,2023-07-31,red
2023-08-01,2023-07-31,white
2023-08-01,2023-07-31,gray
2023-08-02,2023-07-31,black
2023-08-02,2023-07-31,blue
2023-08-03,2023-07-31,white
2023-08-03,2023-07-31,beige
2023-08-04,2023-07-31,gray
2023-08-07,2023-08-07,black
2023-08-07,2023-08-07,red
2023-08-08,2023-08-07,white
2023-08-08,2023-08-07,gray
2023-08-09,2023-08-07,black
2023-08-09,2023-08-07,blue
2023-08-10,2023-08-07,white
2023-08-10,2023-08-07,beige
2023-08-11,2023-08-07,gray
2023-08-14,2023-08-14,black
2023-08-14,2023-08-14,red
2023-08-15,2023-08-14,white
2023-08-15,2023-08-14,gray
2023-08-16,2023-08-14,black
2023-08-16,2023-08-14,blue
2023-08-17,2023-08-14,white
2023-08-17,2023-08-14,beige
2023-08-18,2023-08-14,gray
2023-08-21,2023-08-21,black
2023-08-21,2023-08-21,red
2023-08-22,2023-08-21,white
2023-08-22,2023-08-21,gray
2023-08-23,2023-08-21,black
2023-08-23,2023-08-21,blue
2023-08-24,2023-08-21,white
2023-08-24,2023-08-21,beige
2023-08-25,2023-08-21,gray
2023-08-28,2023-08-28,black
2023-08-28,2023-08-28,red
2023-08-29,2023-08-28,white
2023-08-29,2023-08-28,gray
2023-08-30,2023-08-28,black
2023-08-30,2023-08-28,blue
2023-08-31,2023-08-28,white
2023-08-31,2023-08-28,beige
2023-09-01,2023-08-28,gray
2023-09-05,2023-09-04,white
2023-09-05,2023-09-04,gray
2023-09-06,2023-09-04,black
2023-09-06,2023-09-04,blue
2023-09-07,2023-09-04,white
2023-09-07,2023-09-04,beige
2023-09-08,2023-09-04,gray
2023-09-11,2023-09-11,black
2023-09-11,2023-09-11,red
2023-09-12,2023-09-11,white
2023-09-12,2023-09-11,gray
2023-09-13,2023-09-11,black
2023-09-13,2023-09-11,blue
2023-09-14,2023-09-11,white
2023-09-14,2023-09-11,beige
2023-09-15,2023-09-11,gray
2023-09-18,2023-09-18,black
2023-09-18,2023-09-18,red
2023-09-19,2023-09-18,white
2023-09-19,2023-09-18,gray
2023-09-20,2023-09-18,black
2023-09-20,2023-09-18,blue
2023-09-21,2023-09-18,white
2023-09-21,2023-09-18,beige
2023-09-22,2023-09-18,gray
2023-09-25,2023-09-25,black
2023-09-25,2023-09-25,red
2023-09-26,2023-09-25,white
2023-09-26,2023-09-25,gray
2023-09-27,2023-09-25,black
2023-09-27,2023-09-25,blue
2023-09-28,2023-09-25,white
2023-09-28,2023-09-25,beige
2023-09-29,2023-09-25,gray
2023-10-02,2023-10-02,black
2023-10-02,2023-10-02,red
2023-10-03,2023-10-02,white
2023-10-03,2023-10-02,gray
2023-10-04,2023-10-02,black
2023-10-04,2023-10-02,blue
2023-10-05,2023-10-02,white
2023-10-05,2023-10-02,beige
2023-10-06,2023-10-02,gray
2023-10-09,2023-10-09,black
2023-10-09,2023-10-09,red
2023-10-10,2023-10-09,white
2023-10-10,2023-10-09,gray
2023-10-11,2023-10-09,black
2023-10-11,2023-10-09,blue
2023-10-12,2023-10-09,white
2023-10-12,2023-10-09,beige
2023-10-13,2023-10-09,gray
2023-10-16,2023-10-16,black
2023-10-16,2023-10-16,red
2023-10-17,2023-10-16,white
2023-10-17,2023-10-16,gray
2023-10-18,2023-10-16,black
2023-10-18,2023-10-16,blue
2023-10-19,2023-10-16,white
2023-10-19,2023-10-16,beige
2023-10-20,2023-10-16,gray
2023-10-23,2023-10-23,black
2023-10-23,2023-10-23,red
2023-10-24,2023-10-23,white
2023-10-24,2023-10-23,gray
2023-10-25,2023-10-23,black
2023-10-25,2023-10-23,blue
2023-10-26,2023-10-23,white
2023-10-26,2023-10-23,beige
2023-10-27,2023-10-23,gray
2023-10-30,2023-10-30,black
2023-10-30,2023-10-30,red
2023-10-31,2023-10-30,white
2023-10-31,2023-10-30,gray
2023-11-01,2023-10-30,black
2023-11-01,2023-10-30,blue
2023-11-02,2023-10-30,white
2023-11-02,2023-10-30,beige
2023-11-03,2023-10-30,gray
2023-11-06,2023-11-06,black
2023-11-06,2023-11-06,red
2023-11-07,2023-11-06,white
2023-11-07,2023-11-06,gray
2023-11-08,2023-11-06,black
2023-11-08,2023-11-06,blue
2023-11-09,2023-11-06,white
2023-11-09,2023-11-06,beige
2023-11-10,2023-11-06,gray
2023-11-13,2023-11-13,black
2023-11-13,2023-11-13,red
2023-11-14,2023-11-13,white
2023-11-14,2023-11-13,gray
2023-11-15,2023-11-13,black
2023-11-15,2023-11-13,blue
2023-11-16,2023-11-13,white
2023-11-16,2023-11-13,beige
2023-11-17,2023-11-13,gray
2023-11-20,2023-11-20,black
2023-11-20,2023-11-20,red
2023-11-21,2023-11-20,white
2023-11-21,2023-11-20,gray
2023-11-22,2023-11-20,black
2023-11-22,2023-11-20,blue
2023-11-27,2023-11-27,black
2023-11-27,2023-11-27,red
2023-11-28,2023-11-27,white
2023-11-28,2023-11-27,gray
2023-11-29,2023-11-27,black
2023-11-29,2023-11-27,blue
2023-11-30,2023-11-27,white
2023-11-30,2023-11-27,beige
2023-12-01,2023-11-27,gray
2023-12-04,2023-12-04,black
2023-12-04,2023-12-04,red
2023-12-05,2023-12-04,white
2023-12-05,2023-12-04,gray
2023-12-06,2023-12-04,black
2023-12-06,2023-12-04,blue
2023-12-07,2023-12-04,white
2023-12-07,2023-12-04,beige
2023-12-08,2023-12-04,gray
2023-12-11,2023-12-11,black
2023-12-11,2023-12-11,red
2023-12-12,2023-12-11,white
2023-12-12,2023-12-11,gray
2023-12-13,2023-12-11,black
2023-12-13,2023-12-11,blue
2023-12-14,2023-12-11,white
2023-12-14,2023-12-11,beige
2023-12-15,2023-12-11,gray
2023-12-18,2023-12-18,black
2023-12-18,2023-12-18,red
2023-12-19,2023-12-18,white
2023-12-19,2023-12-18,gray
2023-12-20,2023-12-18,black
2023-12-20,2023-12-18,blue
2023-12-21,2023-12-18,white
2023-12-21,2023-12-18,beige
2023-12-22,2023-12-18,gray
2024-01-02,2024-01-01,white
2024-01-02,2024-01-01,gray
2024-01-03,2024-01-01,black
2024-01-03,2024-01-01,blue
2024-01-04,2024-01-01,white
2024-01-04,2024-01-01,beige
2024-01-05,2024-01-01,gray
2024-01-08,2024-01-08,black
2024-01-08,2024-01-08,red
2024-01-09,2024-01-08,white
2024-01-09,2024-01-08,gray
2024-01-10,2024-01-08,black
2024-01-10,2024-01-08,blue
2024-01-11,2024-01-08,white
2024-01-11,2024-01-08,beige
2024-01-12,2024-01-08,gray
2024-01-15,2024-01-15,black
2024-01-15,2024-01-15,red
2024-01-16,2024-01-15,white
2024-01-16,2024-01-15,gray
2024-01-17,2024-01-15,black
2024-01-17,2024-01-15,blue
2024-01-18,2024-01-15,white
2024-01-18,2024-01-15,beige
2024-01-19,2024-01-15,gray
2024-01-22,2024-01-22,black
2024-01-22,2024-01-22,red
2024-01-23,2024-01-22,white
2024-01-23,2024-01-22,gray
2024-01-24,2024-01-22,black
2024-01-24,2024-01-22,blue
2024-01-25,2024-01-22,white
2024-01-25,2024-01-22,beige
2024-01-26,2024-01-22,gray
2024-01-29,2024-01-29,black
2024-01-29,2024-01-29,red
2024-01-30,2024-01-29,white
2024-01-30,2024-01-29,gray
2024-01-31,2024-01-29,black
2024-01-31,2024-01-29,blue
2024-02-01,2024-01-29,white
2024-02-01,2024-01-29,beige
2024-02-02,2024-01-29,gray
2024-02-05,2024-02-05,black
2024-02-05,2024-02-05,red
2024-02-06,2024-02-05,white
2024-02-06,2024-02-05,gray
2024-02-07,2024-02-05,black
2024-02-07,2024-02-05,blue
2024-02-08,2024-02-05,white
2024-02-08,2024-02-05,beige
2024-02-09,2024-02-05,gray
2024-02-12,2024-02-12,black
2024-02-12,2024-02-12,red
2024-02-13,2024-02-12,white
2024-02-13,2024-02-12,gray
2024-02-14,2024-02-12,black
2024-02-14,2024-02-12,blue
2024-02-15,2024-02-12,white
2024-02-15,2024-02-12,beige
2024-02-16,2024-02-12,gray
2024-02-19,2024-02-19,black
2024-02-19,2024-02-19,red
2024-02-20,2024-02-19,white
2024-02-20,2024-02-19,gray
2024-02-21,2024-02-19,black
2024-02-21,2024-02-19,blue
2024-02-22,2024-02-19,white
2024-02-22,2024-02-19,beige
2024-02-23,2024-02-19,gray
2024-02-26,2024-02-26,black
2024-02-26,2024-02-26,red
2024-02-27,2024-02-26,white
2024-02-27,2024-02-26,gray
2024-02-28,2024-02-26,black
2024-02-28,2024-02-26,blue
2024-02-29,2024-02-26,white
2024-02-29,2024-02-26,beige
2024-03-01,2024-02-26,gray
2024-03-04,2024-03-04,black
2024-03-04,2024-03-04,red
2024-03-05,2024-03-04,white
2024-03-05,2024-03-04,gray
2024-03-06,2024-03-04,black
2024-03-06,2024-03-04,blue
2024-03-07,2024-03-04,white
2024-03-07,2024-03-04,beige
2024-03-08,2024-03-04,gray
2024-03-11,2024-03-11,black
2024-03-11,2024-03-11,red
2024-03-12,2024-03-11,white
2024-03-12,2024-03-11,gray
2024-03-13,2024-03-11,black
2024-03-13,2024-03-11,blue
2024-03-14,2024-03-11,white
2024-03-14,2024-03-11,beige
2024-03-15,2024-03-11,gray
2024-03-18,2024-03-18,black
2024-03-18,2024-03-18,red
2024-03-19,2024-03-18,white
2024-03-19,2024-03-18,gray
2024-03-20,2024-03-18,black
2024-03-20,2024-03-18,blue
2024-03-21,2024-03-18,white
2024-03-21,2024-03-18,beige
2024-03-22,2024-03-18,gray
2024-03-25,2024-03-25,black
2024-03-25,2024-03-25,red
2024-03-26,2024-03-25,white
2024-03-26,2024-03-25,gray
2024-03-27,2024-03-25,black
2024-03-27,2024-03-25,blue
2024-03-28,2024-03-25,white
2024-03-28,2024-03-25,beige
2024-03-29,2024-03-25,gray
2024-04-01,2024-04-01,black
2024-04-01,2024-04-01,red
2024-04-02,2024-04-01,white
2024-04-02,2024-04-01,gray
2024-04-03,2024-04-01,black
2024-04-03,2024-04-01,blue
2024-04-04,2024-04-01,white
2024-04-04,2024-04-01,beige
2024-04-05,2024-04-01,gray
2024-04-08,2024-04-08,black
2024-04-08,2024-04-08,red
2024-04-09,2024-04-08,white
2024-04-09,2024-04-08,gray
2024-04-10,2024-04-08,black
2024-04-10,2024-04-08,blue
2024-04-11,2024-04-08,white
2024-04-11,2024-04-08,beige
2024-04-12,2024-04-08,gray
2024-04-15,2024-04-15,black
2024-04-15,2024-04-15,red
2024-04-16,2024-04-15,white
2024-04-16,2024-04-15,gray
2024-04-17,2024-04-15,black
2024-04-17,2024-04-15,blue
2024-04-18,2024-04-15,white
2024-04-18,2024-04-15,beige
2024-04-19,2024-04-15,gray
2024-04-22,2024-04-22,black
2024-04-22,2024-04-22,red
2024-04-23,2024-04-22,white
2024-04-23,2024-04-22,gray
2024-04-24,2024-04-22,black
2024-04-24,2024-04-22,blue
2024-04-25,2024-04-22,white
2024-04-25,2024-04-22,beige
2024-04-26,2024-04-22,gray
2024-04-29,2024-04-29,black
2024-04-29,2024-04-29,red
2024-04-30,2024-04-29,white
2024-04-30,2024-04-29,gray
2024-05-01,2024-04-29,black
2024-05-01,2024-04-29,blue
2024-05-02,2024-04-29,white
2024-05-02,2024-04-29,beige
2024-05-03,2024-04-29,gray
2024-05-06,2024-05-06,black
2024-05-06,2024-05-06,red
2024-05-07,2024-05-06,white
2024-05-07,2024-05-06,gray
2024-05-08,2024-05-06,black
2024-05-08,2024-05-06,blue
2024-05-09,2024-05-06,white
2024-05-09,2024-05-06,beige
2024-05-10,2024-05-06,gray
2024-05-13,2024-05-13,black
2024-05-13,2024-05-13,red
2024-05-14,2024-05-13,white
2024-05-14,2024-05-13,gray
2024-05-15,2024-05-13,black
2024-05-15,2024-05-13,blue
2024-05-16,2024-05-13,white
2024-05-16,2024-05-13,beige
2024-05-17,2024-05-13,gray
2024-05-20,2024-05-20,black
2024-05-20,2024-05-20,red
2024-05-21,2024-05-20,white
2024-05-21,2024-05-20,gray
2024-05-22,2024-05-20,black
2024-05-22,2024-05-20,blue
2024-05-23,2024-05-20,white
2024-05-23,2024-05-20,beige
2024-05-24,2024-05-20,gray
2024-05-28,2024-05-27,white
2024-05-28,2024-05-27,gray
2024-05-29,2024-05-27,black
2024-05-29,2024-05-27,blue
2024-05-30,2024-05-27,white
2024-05-30,2024-05-27,beige
2024-05-31,2024-05-27,gray
2024-06-03,2024-06-03,black
2024-06-03,2024-06-03,red
2024-06-04,2024-06-03,white
2024-06-04,2024-06-03,gray
2024-06-05,2024-06-03,black
2024-06-05,2024-06-03,blue
2024-06-06,2024-06-03,white
2024-06-06,2024-06-03,beige
2024-06-07,2024-06-03,gray
2024-06-10,2024-06-10,black
2024-06-10,2024-06-10,red
2024-06-11,2024-06-10,white
2024-06-11,2024-06-10,gray
2024-06-12,2024-06-10,black
2024-06-12,2024-06-10,blue
2024-06-13,2024-06-10,white
2024-06-13,2024-06-10,beige
2024-06-14,2024-06-10,gray
2024-06-17,2024-06-17,black
2024-06-17,2024-06-17,red
2024-06-18,2024-06-17,white
2024-06-18,2024-06-17,gray
2024-06-19,2024-06-17,black
2024-06-19,2024-06-17,blue
2024-06-20,2024-06-17,white
2024-06-20,2024-06-17,beige
2024-06-21,2024-06-17,gray
2024-06-24,2024-06-24,black
2024-06-24,2024-06-24,red
2024-06-25,2024-06-24,white
2024-06-25,2024-06-24,gray
2024-06-26,2024-06-24,black
2024-06-26,2024-06-24,blue
2024-06-27,2024-06-24,white
2024-06-27,2024-06-24,beige
2024-06-28,2024-06-24,gray
2024-07-01,2024-07-01,black
2024-07-01,2024-07-01,red
2024-07-02,2024-07-01,white
2024-07-02,2024-07-01,gray
2024-07-03,2024-07-01,black
2024-07-03,2024-07-01,blue
2024-07-05,2024-07-01,gray
2024-07-08,2024-07-08,black
2024-07-08,2024-07-08,red
2024-07-09,2024-07-08,white
2024-07-09,2024-07-08,gray
2024-07-10,2024-07-08,black
2024-07-10,2024-07-08,blue
2024-07-11,2024-07-08,white
2024-07-11,2024-07-08,beige
2024-07-12,2024-07-08,gray
2024-07-15,2024-07-15,black
2024-07-15,2024-07-15,red
2024-07-16,2024-07-15,white
2024-07-16,2024-07-15,gray
2024-07-17,2024-07-15,black
2024-07-17,2024-07-15,blue
2024-07-18,2024-07-15,white
2024-07-18,2024-07-15,beige
2024-07-19,2024-07-15,gray
2024-07-22,2024-07-22,black
2024-07-22,2024-07-22,red
2024-07-23,2024-07-22,white
2024-07-23,2024-07-22,gray
2024-07-24,2024-07-22,black
2024-07-24,2024-07-22,blue
2024-07-25,2024-07-22,white
2024-07-25,2024-07-22,beige
2024-07-26,2024-07-22,gray
2024-07-29,2024-07-29,black
2024-07-29,2024-07-29,red
2024-07-30,2024-07-29,white
2024-07-30,2024-07-29,gray
2024-07-31,2024-07-29,black
2024-07-31,2024-07-29,blue
2024-08-01,2024-07-29,white
2024-08-01,2024-07-29,beige
2024-08-02,2024-07-29,gray
2024-08-05,2024-08-05,black
2024-08-05,2024-08-05,red
2024-08-06,2024-08-05,white
2024-08-06,2024-08-05,gray
2024-08-07,2024-08-05,black
2024-08-07,2024-08-05,blue
2024-08-08,2024-08-05,white
2024-08-08,2024-08-05,beige
2024-08-09,2024-08-05,gray
2024-08-12,2024-08-12,black
2024-08-12,2024-08-12,red
2024-08-13,2024-08-12,white
2024-08-13,2024-08-12,gray
2024-08-14,2024-08-12,black
2024-08-14,2024-08-12,blue
2024-08-15,2024-08-12,white
2024-08-15,2024-08-12,beige
2024-08-16,2024-08-12,gray
2024-08-19,2024-08-19,black
2024-08-19,2024-08-19,red
2024-08-20,2024-08-19,white
2024-08-20,2024-08-19,gray
2024-08-21,2024-08-19,black
2024-08-21,2024-08-19,blue
2024-08-22,2024-08-19,white
2024-08-22,2024-08-19,beige
2024-08-23,2024-08-19,gray
2024-08-26,2024-08-26,black
2024-08-26,2024-08-26,red
2024-08-27,2024-08-26,white
2024-08-27,2024-08-26,gray
2024-08-28,2024-08-26,black
2024-08-28,2024-08-26,blue
2024-08-29,2024-08-26,white
2024-08-29,2024-08-26,beige
2024-08-30,2024-08-26,gray
2024-09-03,2024-09-02,white
2024-09-03,2024-09-02,gray
2024-09-04,2024-09-02,black
2024-09-04,2024-09-02,blue
2024-09-05,2024-09-02,white
2024-09-05,2024-09-02,beige
2024-09-06,2024-09-02,gray
2024-09-09,2024-09-09,black
2024-09-09,2024-09-09,red
2024-09-10,2024-09-09,white
2024-09-10,2024-09-09,gray
2024-09-11,2024-09-09,black
2024-09-11,2024-09-09,blue
2024-09-12,2024-09-09,white
2024-09-12,2024-09-09,beige
2024-09-13,2024-09-09,gray
2024-09-16,2024-09-16,black
2024-09-16,2024-09-16,red
2024-09-17,2024-09-16,white
2024-09-17,2024-09-16,gray
2024-09-18,2024-09-16,black
2024-09-18,2024-09-16,blue
2024-09-19,2024-09-16,white
2024-09-19,2024-09-16,beige
2024-09-20,2024-09-16,gray
2024-09-23,2024-09-23,black
2024-09-23,2024-09-23,red
2024-09-24,2024-09-23,white
2024-09-24,2024-09-23,gray
2024-09-25,2024-09-23,black
2024-09-25,2024-09-23,blue
2024-09-26,2024-09-23,white
2024-09-26,2024-09-23,beige
2024-09-27,2024-09-23,gray
2024-09-30,2024-09-30,black
2024-09-30,2024-09-30,red
2024-10-01,2024-09-30,white
2024-10-01,2024-09-30,gray
2024-10-02,2024-09-30,black
2024-10-02,2024-09-30,blue
2024-10-03,2024-09-30,white
2024-10-03,2024-09-30,beige
2024-10-04,2024-09-30,gray
2024-10-07,2024-10-07,black
2024-10-07,2024-10-07,red
2024-10-08,2024-10-07,white
2024-10-08,2024-10-07,gray
2024-10-09,2024-10-07,black
2024-10-09,2024-10-07,blue
2024-10-10,2024-10-07,white
2024-10-10,2024-10-07,beige
2024-10-11,2024-10-07,gray
2024-10-14,2024-10-14,black
2024-10-14,2024-10-14,red
2024-10-15,2024-10-14,white
2024-10-15,2024-10-14,gray
2024-10-16,2024-10-14,black
2024-10-16,2024-10-14,blue
2024-10-17,2024-10-14,white
2024-10-17,2024-10-14,beige
2024-10-18,2024-10-14,gray
2024-10-21,2024-10-21,black
2024-10-21,2024-10-21,red
2024-10-22,2024-10-21,white
2024-10-22,2024-10-21,gray
2024-10-23,2024-10-21,black
2024-10-23,2024-10-21,blue
2024-10-24,2024-10-21,white
2024-10-24,2024-10-21,beige
2024-10-25,2024-10-21,gray
2024-10-28,2024-10-28,black
2024-10-28,2024-10-28,red
2024-10-29,2024-10-28,white
2024-10-29,2024-10-28,gray
2024-10-30,2024-10-28,black
2024-10-30,2024-10-28,blue
2024-10-31,2024-10-28,white
2024-10-31,2024-10-28,beige
2024-11-01,2024-10-28,gray
2024-11-04,2024-11-04,black
2024-11-04,2024-11-04,red
2024-11-05,2024-11-04,white
2024-11-05,2024-11-04,gray
2024-11-06,2024-11-04,black
2024-11-06,2024-11-04,blue
2024-11-07,2024-11-04,white
2024-11-07,2024-11-04,beige
2024-11-08,2024-11-04,gray
2024-11-11,2024-11-11,black
2024-11-11,2024-11-11,red
2024-11-12,2024-11-11,white
2024-11-12,2024-11-11,gray
2024-11-13,2024-11-11,black
2024-11-13,2024-11-11,blue
2024-11-14,2024-11-11,white
2024-11-14,2024-11-11,beige
2024-11-15,2024-11-11,gray
2024-11-18,2024-11-18,black
2024-11-18,2024-11-18,red
2024-11-19,2024-11-18,white
2024-11-19,2024-11-18,gray
2024-11-20,2024-11-18,black
2024-11-20,2024-11-18,blue
2024-11-21,2024-11-18,white
2024-11-21,2024-11-18,beige
2024-11-22,2024-11-18,gray
2024-11-25,2024-11-25,black
2024-11-25,2024-11-25,red
2024-11-26,2024-11-25,white
2024-11-26,2024-11-25,gray
2024-11-27,2024-11-25,black
2024-11-27,2024-11-25,blue
2024-12-02,2024-12-02,black
2024-12-02,2024-12-02,red
2024-12-03,2024-12-02,white
2024-12-03,2024-12-02,gray
2024-12-04,2024-12-02,black
2024-12-04,2024-12-02,blue
2024-12-05,2024-12-02,white
2024-12-05,2024-12-02,beige
2024-12-06,2024-12-02,gray
2024-12-09,2024-12-09,black
2024-12-09,2024-12-09,red
2024-12-10,2024-12-09,white
2024-12-10,2024-12-09,gray
2024-12-11,2024-12-09,black
2024-12-11,2024-12-09,blue
2024-12-12,2024-12-09,white
2024-12-12,2024-12-09,beige
2024-12-13,2024-12-09,gray
2024-12-16,2024-12-16,black
2024-12-16,2024-12-16,red
2024-12-17,2024-12-16,white
2024-12-17,2024-12-16,gray
2024-12-18,2024-12-16,black
2024-12-18,2024-12-16,blue
2024-12-19,2024-12-16,white
2024-12-19,2024-12-16,beige
2024-12-20,2024-12-16,gray
2024-12-23,2024-12-23,black
2024-12-23,2024-12-23,red
2025-01-02,2024-12-30,white
2025-01-02,2024-12-30,beige
2025-01-03,2024-12-30,gray
2025-01-06,2025-01-06,black
2025-01-06,2025-01-06,red
2025-01-07,2025-01-06,white
2025-01-07,2025-01-06,gray
2025-01-08,2025-01-06,black
2025-01-08,2025-01-06,blue
2025-01-09,2025-01-06,white
2025-01-09,2025-01-06,beige
2025-01-10,2025-01-06,gray
2025-01-13,2025-01-13,black
2025-01-13,2025-01-13,red
2025-01-14,2025-01-13,white
2025-01-14,2025-01-13,gray
2025-01-15,2025-01-13,black
2025-01-15,2025-01-13,blue
2025-01-16,2025-01-13,white
2025-01-16,2025-01-13,beige
2025-01-17,2025-01-13,gray
2025-01-20,2025-01-20,black
2025-01-20,2025-01-20,red
2025-01-21,2025-01-20,white
2025-01-21,2025-01-20,gray
2025-01-22,2025-01-20,black
2025-01-22,2025-01-20,blue
2025-01-23,2025-01-20,white
2025-01-23,2025-01-20,beige
2025-01-24,2025-01-20,gray
2025-01-27,2025-01-27,black
2025-01-27,2025-01-27,red
2025-01-28,2025-01-27,white
2025-01-28,2025-01-27,gray
2025-01-29,2025-01-27,black
2025-01-29,2025-01-27,blue
2025-01-30,2025-01-27,white
2025-01-30,2025-01-27,beige
2025-01-31,2025-01-27,gray
2025-02-03,2025-02-03,black
2025-02-03,2025-02-03,red
2025-02-04,2025-02-03,white
2025-02-04,2025-02-03,gray
2025-02-05,2025-02-03,black
2025-02-05,2025-02-03,blue
2025-02-06,2025-02-03,white
2025-02-06,2025-02-03,beige
2025-02-07,2025-02-03,gray
2025-02-10,2025-02-10,black
2025-02-10,2025-02-10,red
2025-02-11,2025-02-10,white
2025-02-11,2025-02-10,gray
2025-02-12,2025-02-10,black
2025-02-12,2025-02-10,blue
2025-02-13,2025-02-10,white
2025-02-13,2025-02-10,beige
2025-02-14,2025-02-10,gray
2025-02-17,2025-02-17,black
2025-02-17,2025-02-17,red
2025-02-18,2025-02-17,white
2025-02-18,2025-02-17,gray
2025-02-19,2025-02-17,black
2025-02-19,2025-02-17,blue
2025-02-20,2025-02-17,white
2025-02-20,2025-02-17,beige
2025-02-21,2025-02-17,gray
2025-02-24,2025-02-24,black
2025-02-24,2025-02-24,red
2025-02-25,2025-02-24,white
2025-02-25,2025-02-24,gray
2025-02-26,2025-02-24,black
2025-02-26,2025-02-24,blue
2025-02-27,2025-02-24,white
2025-02-27,2025-02-24,beige
2025-02-28,2025-02-24,gray
2025-03-03,2025-03-03,black
2025-03-03,2025-03-03,red
2025-03-04,2025-03-03,white
2025-03-04,2025-03-03,gray
2025-03-05,2025-03-03,black
2025-03-05,2025-03-03,blue
2025-03-06,2025-03-03,white
2025-03-06,2025-03-03,beige
2025-03-07,2025-03-03,gray
2025-03-10,2025-03-10,black
2025-03-10,2025-03-10,red
2025-03-11,2025-03-10,white
2025-03-11,2025-03-10,gray
2025-03-12,2025-03-10,black
2025-03-12,2025-03-10,blue
2025-03-13,2025-03-10,white
2025-03-13,2025-03-10,beige
2025-03-14,2025-03-10,gray
2025-03-17,2025-03-17,black
2025-03-17,2025-03-17,red
2025-03-18,2025-03-17,white
2025-03-18,2025-03-17,gray
2025-03-19,2025-03-17,black
2025-03-19,2025-03-17,blue
2025-03-20,2025-03-17,white
2025-03-20,2025-03-17,beige
2025-03-21,2025-03-17,gray
2025-03-24,2025-03-24,black
2025-03-24,2025-03-24,red
2025-03-25,2025-03-24,white
2025-03-25,2025-03-24,gray
2025-03-26,2025-03-24,black
2025-03-26,2025-03-24,blue
2025-03-27,2025-03-24,white
2025-03-27,2025-03-24,beige
2025-03-28,2025-03-24,gray
2025-03-31,2025-03-31,black
2025-03-31,2025-03-31,red
2025-04-01,2025-03-31,white
2025-04-01,2025-03-31,gray
2025-04-02,2025-03-31,black
2025-04-02,2025-03-31,blue
2025-04-03,2025-03-31,white
2025-04-03,2025-03-31,beige
2025-04-04,2025-03-31,gray
2025-04-07,2025-04-07,black
2025-04-07,2025-04-07,red
2025-04-08,2025-04-07,white
2025-04-08,2025-04-07,gray
2025-04-09,2025-04-07,black
2025-04-09,2025-04-07,blue
2025-04-10,2025-04-07,white
2025-04-10,2025-04-07,beige
2025-04-11,2025-04-07,gray
2025-04-14,2025-04-14,black
2025-04-14,2025-04-14,red
2025-04-15,2025-04-14,white
2025-04-15,2025-04-14,gray
2025-04-16,2025-04-14,black
2025-04-16,2025-04-14,blue
2025-04-17,2025-04-14,white
2025-04-17,2025-04-14,beige
2025-04-18,2025-04-14,gray
2025-04-21,2025-04-21,black
2025-04-21,2025-04-21,red
2025-04-22,2025-04-21,white
2025-04-22,2025-04-21,gray
2025-04-23,2025-04-21,black
2025-04-23,2025-04-21,blue
2025-04-24,2025-04-21,white
2025-04-24,2025-04-21,beige
2025-04-25,2025-04-21,gray
2025-04-28,2025-04-28,black
2025-04-28,2025-04-28,red
2025-04-29,2025-04-28,white
2025-04-29,2025-04-28,gray
2025-04-30,2025-04-28,black
2025-04-30,2025-04-28,blue
2025-05-01,2025-04-28,white
2025-05-01,2025-04-28,beige
2025-05-02,2025-04-28,gray
2025-05-05,2025-05-05,black
2025-05-05,2025-05-05,red
2025-05-06,2025-05-05,white
2025-05-06,2025-05-05,gray
2025-05-07,2025-05-05,black
2025-05-07,2025-05-05,blue
2025-05-08,2025-05-05,white
2025-05-08,2025-05-05,beige
2025-05-09,2025-05-05,gray
2025-05-12,2025-05-12,black
2025-05-12,2025-05-12,red
2025-05-13,2025-05-12,white
2025-05-13,2025-05-12,gray
2025-05-14,2025-05-12,black
2025-05-14,2025-05-12,blue
2025-05-15,2025-05-12,white
2025-05-15,2025-05-12,beige
2025-05-16,2025-05-12,gray
2025-05-19,2025-05-19,black
2025-05-19,2025-05-19,red
2025-05-20,2025-05-19,white
2025-05-20,2025-05-19,gray
2025-05-21,2025-05-19,black
2025-05-21,2025-05-19,blue
2025-05-22,2025-05-19,white
2025-05-22,2025-05-19,beige
2025-05-23,2025-05-19,gray
2025-05-27,2025-05-26,white
2025-05-27,2025-05-26,gray
2025-05-28,2025-05-26,black
2025-05-28,2025-05-26,blue
2025-05-29,2025-05-26,white
2025-05-29,2025-05-26,beige
2025-05-30,2025-05-26,gray
2025-06-02,2025-06-02,black
2025-06-02,2025-06-02,red
2025-06-03,2025-06-02,white
2025-06-03,2025-06-02,gray
2025-06-04,2025-06-02,black
2025-06-04,2025-06-02,blue
2025-06-05,2025-06-02,white
2025-06-05,2025-06-02,beige
2025-06-06,2025-06-02,gray
2025-06-09,2025-06-09,black
2025-06-09,2025-06-09,red
2025-06-10,2025-06-09,white
2025-06-10,2025-06-09,gray
2025-06-11,2025-06-09,black
2025-06-11,2025-06-09,blue
2025-06-12,2025-06-09,white
2025-06-12,2025-06-09,beige
2025-06-13,2025-06-09,gray
2025-06-16,2025-06-16,black
2025-06-16,2025-06-16,red
2025-06-17,2025-06-16,white
2025-06-17,2025-06-16,gray
2025-06-18,2025-06-16,black
2025-06-18,2025-06-16,blue
2025-06-19,2025-06-16,white
2025-06-19,2025-06-16,beige
2025-06-20,2025-06-16,gray
2025-06-23,2025-06-23,black
2025-06-23,2025-06-23,red
2025-06-24,2025-06-23,white
2025-06-24,2025-06-23,gray
2025-06-25,2025-06-23,black
2025-06-25,2025-06-23,blue
2025-06-26,2025-06-23,white
2025-06-26,2025-06-23,beige
2025-06-27,2025-06-23,gray
2025-06-30,2025-06-30,black
2025-06-30,2025-06-30,red
2025-07-01,2025-06-30,white
2025-07-01,2025-06-30,gray
2025-07-02,2025-06-30,black
2025-07-02,2025-06-30,blue
2025-07-03,2025-06-30,white
2025-07-03,2025-06-30,beige
2025-07-07,2025-07-07,black
2025-07-07,2025-07-07,red
2025-07-08,2025-07-07,white
2025-07-08,2025-07-07,gray
2025-07-09,2025-07-07,black
2025-07-09,2025-07-07,blue
2025-07-10,2025-07-07,white
2025-07-10,2025-07-07,beige
2025-07-11,2025-07-07,gray
2025-07-14,2025-07-14,black
2025-07-14,2025-07-14,red
2025-07-15,2025-07-14,white
2025-07-15,2025-07-14,gray
2025-07-16,2025-07-14,black
2025-07-16,2025-07-14,blue
2025-07-17,2025-07-14,white
2025-07-17,2025-07-14,beige
2025-07-18,2025-07-14,gray
2025-07-21,2025-07-21,black
2025-07-21,2025-07-21,red
2025-07-22,2025-07-21,white
2025-07-22,2025-07-21,gray
2025-07-23,2025-07-21,black
2025-07-23,2025-07-21,blue
2025-07-24,2025-07-21,white
2025-07-24,2025-07-21,beige
2025-07-25,2025-07-21,gray
2025-07-28,2025-07-28,black
2025-07-28,2025-07-28,red
2025-07-29,2025-07-28,white
2025-07-29,2025-07-28,gray
2025-07-30,2025-07-28,black
2025-07-30,2025-07-28,blue
2025-07-31,2025-07-28,white
2025-07-31,2025-07-28,beige
2025-08-01,2025-07-28,gray
2025-08-04,2025-08-04,black
2025-08-04,2025-08-04,red
2025-08-05,2025-08-04,white
2025-08-05,2025-08-04,gray
2025-08-06,2025-08-04,black
2025-08-06,2025-08-04,blue
2025-08-07,2025-08-04,white
2025-08-07,2025-08-04,beige
2025-08-08,2025-08-04,gray
2025-08-11,2025-08-11,black
2025-08-11,2025-08-11,red
2025-08-12,2025-08-11,white
2025-08-12,2025-08-11,gray
2025-08-13,2025-08-11,black
2025-08-13,2025-08-11,blue
2025-08-14,2025-08-11,white
2025-08-14,2025-08-11,beige
2025-08-15,2025-08-11,gray
2025-08-18,2025-08-18,black
2025-08-18,2025-08-18,red
2025-08-19,2025-08-18,white
2025-08-19,2025-08-18,gray
2025-08-20,2025-08-18,black
2025-08-20,2025-08-18,blue
2025-08-21,2025-08-18,white
2025-08-21,2025-08-18,beige
2025-08-22,2025-08-18,gray
2025-08-25,2025-08-25,black
2025-08-25,2025-08-25,red
2025-08-26,2025-08-25,white
2025-08-26,2025-08-25,gray
2025-08-27,2025-08-25,black
2025-08-27,2025-08-25,blue
2025-08-28,2025-08-25,white
2025-08-28,2025-08-25,beige
2025-08-29,2025-08-25,gray
2025-09-02,2025-09-01,white
2025-09-02,2025-09-01,gray
2025-09-03,2025-09-01,black
2025-09-03,2025-09-01,blue
2025-09-04,2025-09-01,white
2025-09-04,2025-09-01,beige
2025-09-05,2025-09-01,gray
2025-09-08,2025-09-08,black
2025-09-08,2025-09-08,red
2025-09-09,2025-09-08,white
2025-09-09,2025-09-08,gray
2025-09-10,2025-09-08,black
2025-09-10,2025-09-08,blue
2025-09-11,2025-09-08,white
2025-09-11,2025-09-08,beige
2025-09-12,2025-09-08,gray
2025-09-15,2025-09-15,black
2025-09-15,2025-09-15,red
2025-09-16,2025-09-15,white
2025-09-16,2025-09-15,gray
2025-09-17,2025-09-15,black
2025-09-17,2025-09-15,blue
2025-09-18,2025-09-15,white
2025-09-18,2025-09-15,beige
2025-09-19,2025-09-15,gray
2025-09-22,2025-09-22,black
2025-09-22,2025-09-22,red
2025-09-23,2025-09-22,white
2025-09-23,2025-09-22,gray
2025-09-24,2025-09-22,black
2025-09-24,2025-09-22,blue
2025-09-25,2025-09-22,white
2025-09-25,2025-09-22,beige
2025-09-26,2025-09-22,gray
2025-09-29,2025-09-29,black
2025-09-29,2025-09-29,red
2025-09-30,2025-09-29,white
2025-09-30,2025-09-29,gray
2025-10-01,2025-09-29,black
2025-10-01,2025-09-29,blue
2025-10-02,2025-09-29,white
2025-10-02,2025-09-29,beige
2025-10-03,2025-09-29,gray
2025-10-06,2025-10-06,black
2025-10-06,2025-10-06,red
2025-10-07,2025-10-06,white
2025-10-07,2025-10-06,gray
2025-10-08,2025-10-06,black
2025-10-08,2025-10-06,blue
2025-10-09,2025-10-06,white
2025-10-09,2025-10-06,beige
2025-10-10,2025-10-06,gray
2025-10-13,2025-10-13,black
2025-10-13,2025-10-13,red
2025-10-14,2025-10-13,white
2025-10-14,2025-10-13,gray
2025-10-15,2025-10-13,black
2025-10-15,2025-10-13,blue
2025-10-16,2025-10-13,white
2025-10-16,2025-10-13,beige
2025-10-17,2025-10-13,gray
2025-10-20,2025-10-20,black
2025-10-20,2025-10-20,red
2025-10-21,2025-10-20,white
2025-10-21,2025-10-20,gray
2025-10-22,2025-10-20,black
2025-10-22,2025-10-20,blue
2025-10-23,2025-10-20,white
2025-10-23,2025-10-20,beige
2025-10-24,2025-10-20,gray
2025-10-27,2025-10-27,black
2025-10-27,2025-10-27,red
2025-10-28,2025-10-27,white
2025-10-28,2025-10-27,gray
2025-10-29,2025-10-27,black
2025-10-29,2025-10-27,blue
2025-10-30,2025-10-27,white
2025-10-30,2025-10-27,beige
2025-10-31,2025-10-27,gray
2025-11-03,2025-11-03,black
2025-11-03,2025-11-03,red
2025-11-04,2025-11-03,white
2025-11-04,2025-11-03,gray
2025-11-05,2025-11-03,black
2025-11-05,2025-11-03,blue
2025-11-06,2025-11-03,white
2025-11-06,2025-11-03,beige
2025-11-07,2025-11-03,gray
2025-11-10,2025-11-10,black
2025-11-10,2025-11-10,red
2025-11-11,2025-11-10,white
2025-11-11,2025-11-10,gray
2025-11-12,2025-11-10,black
2025-11-12,2025-11-10,blue
2025-11-13,2025-11-10,white
2025-11-13,2025-11-10,beige
2025-11-14,2025-11-10,gray
2025-11-17,2025-11-17,black
2025-11-17,2025-11-17,red
2025-11-18,2025-11-17,white
2025-11-18,2025-11-17,gray
2025-11-19,2025-11-17,black
2025-11-19,2025-11-17,blue
2025-11-20,2025-11-17,white
2025-11-20,2025-11-17,beige
2025-11-21,2025-11-17,gray
2025-11-24,2025-11-24,black
2025-11-24,2025-11-24,red
2025-11-25,2025-11-24,white
2025-11-25,2025-11-24,gray
2025-11-26,2025-11-24,black
2025-11-26,2025-11-24,blue
2025-12-01,2025-12-01,black
2025-12-01,2025-12-01,red
2025-12-02,2025-12-01,white
2025-12-02,2025-12-01,gray
2025-12-03,2025-12-01,black
2025-12-03,2025-12-01,blue
2025-12-04,2025-12-01,white
2025-12-04,2025-12-01,beige
2025-12-05,2025-12-01,gray
2025-12-08,2025-12-08,black
2025-12-08,2025-12-08,red
2025-12-09,2025-12-08,white
2025-12-09,2025-12-08,gray
2025-12-10,2025-12-08,black
2025-12-10,2025-12-08,blue
2025-12-11,2025-12-08,white
2025-12-11,2025-12-08,beige
2025-12-12,2025-12-08,gray
2025-12-15,2025-12-15,black
2025-12-15,2025-12-15,red
2025-12-16,2025-12-15,white
2025-12-16,2025-12-15,gray
2025-12-17,2025-12-15,black
2025-12-17,2025-12-15,blue
2025-12-18,2025-12-15,white
2025-12-18,2025-12-15,beige
2025-12-19,2025-12-15,gray
2025-12-22,2025-12-22,black
2025-12-22,2025-12-22,red
2025-12-23,2025-12-22,white
2025-12-23,2025-12-22,gray
